"tripdate","time","temperature","wind_speed","wind_degree","wind_dir","weather_code","weather_descriptions","precip","humidity","visibility","pressure","cloudcover","heatindex","dewpoint","windchill","windgust","feelslike","uv_index","totalsnow","avgtemp"
"2014-01-01","900","-6","27","77","ENE","338","Heavy snow","0.2","91","2","1026","100","-6","-7","-14","35","-14","1","0.8","-6"
"2014-01-02","900","-7","36","37","NE","230","Blizzard","0.2","86","0","1024","100","-7","-9","-16","46","-16","1","0","-7"
"2014-01-03","900","-13","21","215","SW","113","Sunny","0","66","10","1032","10","-13","-18","-22","27","-22","2","0","-11"
"2014-01-04","900","-4","41","213","SSW","227","Blowing snow","0","85","2","1012","61","-4","-6","-12","57","-12","1","4.2","-2"
"2014-01-05","900","-4","40","11","NNE","230","Blizzard","0.6","93","0","1017","100","-4","-5","-13","53","-13","1","3.8","-6"
"2014-01-06","900","-23","44","282","WNW","329","Patchy moderate snow","0","84","7","1025","3","-23","-25","-39","50","-39","1","0","-22"
"2014-01-07","900","-20","33","249","WSW","116","Partly cloudy","0","86","10","1028","44","-20","-21","-32","38","-32","2","0","-16"
"2014-01-08","900","-13","12","310","NW","116","Partly cloudy","0","89","10","1030","36","-13","-14","-19","16","-19","2","0.1","-12"
"2014-01-09","900","-8","19","150","SSE","119","Cloudy","0","87","10","1032","65","-8","-10","-16","26","-16","1","0.8","-6"
"2014-01-10","900","0","18","166","SSE","119","Cloudy","0","94","10","1018","74","0","-1","-5","28","-5","1","0.3","1"
"2014-01-11","900","1","26","280","W","332","Moderate snow","0","95","5","999","87","1","1","-4","39","-4","1","0.1","1"
"2014-01-12","900","-2","30","190","S","116","Partly cloudy","0","93","10","1012","46","-2","-3","-9","43","-9","2","0.2","0"
"2014-01-13","900","3","21","244","WSW","266","Light drizzle","0.2","98","2","1002","100","3","3","-1","40","-1","1","0","3"
"2014-01-14","900","0","39","180","S","317","Light sleet","0.1","81","9","1004","77","0","-3","-8","58","-8","1","0","-1"
"2014-01-15","900","-8","24","303","WNW","326","Light snow","0","85","10","1020","67","-8","-10","-16","31","-16","1","0.1","-8"
"2014-01-16","900","-3","38","204","SSW","227","Blowing snow","0","86","2","1004","71","-3","-5","-11","51","-11","1","0.5","-1"
"2014-01-17","900","-10","23","267","W","326","Light snow","0","86","10","1013","97","-10","-12","-19","26","-19","1","0.3","-9"
"2014-01-18","900","-9","24","182","S","122","Overcast","0","88","10","1013","100","-9","-11","-18","30","-18","1","1.8","-8"
"2014-01-19","900","-7","45","233","SW","113","Sunny","0","88","10","1009","10","-7","-9","-17","62","-17","2","0","-4"
"2014-01-20","900","-1","8","29","NNE","119","Cloudy","0","89","10","1012","74","-1","-2","-4","10","-4","1","0.2","-1"
"2014-01-21","900","-12","36","344","NNW","116","Partly cloudy","0","86","10","1028","54","-12","-14","-23","44","-23","2","0","-12"
"2014-01-22","900","-13","28","209","SSW","230","Blizzard","0.1","92","0","1018","86","-13","-14","-23","35","-23","1","0.1","-11"
"2014-01-23","900","-17","38","297","WNW","227","Blowing snow","0","92","2","1032","79","-17","-18","-29","43","-29","1","0","-14"
"2014-01-24","900","-13","51","214","SSW","116","Partly cloudy","0","82","10","1024","51","-13","-15","-25","65","-25","2","0","-10"
"2014-01-25","900","-5","50","319","NW","230","Blizzard","0.2","79","0","1002","84","-5","-8","-15","63","-15","1","0","-8"
"2014-01-26","900","-8","31","179","S","230","Blizzard","0.4","92","0","998","100","-8","-9","-17","41","-17","1","0.2","-6"
"2014-01-27","900","-18","32","286","WNW","227","Blowing snow","0","91","2","1025","88","-18","-19","-30","39","-30","1","0","-18"
"2014-01-28","900","-20","23","256","WSW","113","Sunny","0","82","10","1033","4","-20","-22","-31","29","-31","2","0","-17"
"2014-01-29","900","-14","27","246","WSW","113","Sunny","0","74","10","1025","0","-14","-17","-24","39","-24","2","0","-11"
"2014-01-30","900","-6","45","189","S","119","Cloudy","0","73","10","1012","76","-6","-10","-15","66","-15","1","0.1","-4"
"2014-01-31","900","-7","9","315","NW","119","Cloudy","0","84","10","1021","84","-7","-9","-12","13","-12","1","0.3","-6"
"2014-02-01","900","-2","11","62","ENE","338","Heavy snow","1.6","96","2","1013","100","-2","-3","-6","17","-6","1","12.9","-2"
"2014-02-02","900","-9","21","318","NW","113","Sunny","0","81","10","1025","7","-9","-11","-16","29","-16","2","0.1","-8"
"2014-02-03","900","-10","6","288","WNW","113","Sunny","0","84","10","1030","1","-10","-12","-13","7","-13","2","0","-9"
"2014-02-04","900","-8","4","52","NE","116","Partly cloudy","0","70","10","1031","47","-8","-12","-10","6","-10","2","0.7","-6"
"2014-02-05","900","-4","36","14","NNE","230","Blizzard","0.4","87","0","1022","100","-4","-6","-13","50","-13","1","0.3","-6"
"2014-02-06","900","-15","23","264","W","116","Partly cloudy","0","86","10","1032","25","-15","-17","-25","29","-25","2","0","-14"
"2014-02-07","900","-15","25","241","WSW","116","Partly cloudy","0","87","10","1032","25","-15","-17","-25","33","-25","2","0","-13"
"2014-02-08","900","-11","15","190","S","119","Cloudy","0","84","10","1027","86","-11","-14","-19","20","-19","1","3.2","-10"
"2014-02-09","900","-11","18","294","WNW","116","Partly cloudy","0","89","10","1022","53","-11","-12","-18","25","-18","2","0.4","-9"
"2014-02-10","900","-17","22","299","WNW","113","Sunny","0","93","10","1031","20","-17","-18","-27","29","-27","2","0","-15"
"2014-02-11","900","-14","9","271","W","113","Sunny","0","87","10","1035","9","-14","-16","-20","12","-20","2","0","-13"
"2014-02-12","900","-12","14","191","S","113","Sunny","0","84","10","1026","22","-12","-14","-19","19","-19","2","0","-10"
"2014-02-13","900","-7","18","192","SSW","116","Partly cloudy","0","80","10","1012","47","-7","-10","-14","27","-14","2","0.2","-4"
"2014-02-14","900","-9","21","285","WNW","122","Overcast","0","91","10","1009","90","-9","-10","-17","27","-17","1","0.1","-8"
"2014-02-15","900","-10","7","290","WNW","113","Sunny","0","89","10","1020","24","-10","-11","-14","9","-14","2","0.3","-8"
"2014-02-16","900","-7","23","320","NW","119","Cloudy","0","86","10","1021","85","-7","-9","-15","32","-15","1","1.1","-6"
"2014-02-17","900","-6","37","135","SE","227","Blowing snow","0","86","2","1019","100","-6","-8","-15","53","-15","1","11.5","-5"
"2014-02-18","900","-2","21","180","S","116","Partly cloudy","0","94","10","1015","45","-2","-3","-8","34","-8","2","0.4","0"
"2014-02-19","900","0","18","289","WNW","113","Sunny","0","90","10","1013","10","0","-1","-4","29","-4","2","0","2"
"2014-02-20","900","1","20","111","ESE","302","Moderate rain","1.7","97","7","1005","100","1","1","-4","35","-4","1","0.1","3"
"2014-02-21","900","-3","50","246","WSW","230","Blizzard","0.1","78","0","1002","96","-3","-6","-12","63","-12","1","0.2","-1"
"2014-02-22","900","-4","25","263","W","116","Partly cloudy","0","67","10","1016","44","-4","-9","-11","34","-11","2","0","-2"
"2014-02-23","900","-9","19","298","WNW","113","Sunny","0","80","10","1024","15","-9","-12","-16","26","-16","2","0","-7"
"2014-02-24","900","-10","24","288","WNW","116","Partly cloudy","0","86","10","1027","27","-10","-12","-19","32","-19","2","0","-9"
"2014-02-25","900","-10","21","289","WNW","113","Sunny","0","85","10","1024","19","-10","-12","-18","28","-18","2","0.1","-10"
"2014-02-26","900","-16","22","266","W","113","Sunny","0","91","10","1024","15","-16","-18","-26","28","-26","2","0","-14"
"2014-02-27","900","-15","31","317","NW","113","Sunny","0","81","10","1018","22","-15","-17","-26","36","-26","2","0.2","-14"
"2014-02-28","900","-12","29","159","SSE","323","Patchy light snow","0","90","10","1024","30","-12","-13","-22","36","-22","1","0","-9"
"2014-03-01","900","-6","25","355","N","326","Light snow","0","83","10","1023","64","-6","-8","-13","33","-13","1","3.2","-6"
"2014-03-02","900","-12","23","326","NW","326","Light snow","0","90","10","1029","64","-12","-13","-21","29","-21","1","3.6","-12"
"2014-03-03","900","-11","10","72","ENE","332","Moderate snow","0.1","84","5","1036","81","-11","-13","-16","13","-16","1","0.3","-11"
"2014-03-04","900","-9","14","203","SSW","116","Partly cloudy","0","83","10","1027","50","-9","-12","-16","18","-16","2","0.3","-8"
"2014-03-05","900","-7","21","51","NE","338","Heavy snow","0.6","89","2","1030","100","-7","-8","-14","30","-14","1","3.1","-6"
"2014-03-06","900","-8","14","106","ESE","113","Sunny","0","84","10","1029","17","-8","-10","-14","20","-14","2","0.2","-6"
"2014-03-07","900","-1","15","210","SSW","113","Sunny","0","86","10","1016","6","-1","-3","-6","25","-6","2","0","0"
"2014-03-08","900","-2","25","18","NNE","338","Heavy snow","0.2","88","2","1021","100","-2","-4","-8","35","-8","1","1.7","-3"
"2014-03-09","900","-3","19","216","SW","116","Partly cloudy","0","93","10","1024","54","-3","-4","-9","27","-9","2","0","-2"
"2014-03-10","900","2","21","236","SW","116","Partly cloudy","0","99","10","1007","49","2","2","-3","45","-3","2","0","4"
"2014-03-11","900","4","9","111","ESE","248","Fog","0","100","0","1005","100","4","4","1","18","1","1","0","3"
"2014-03-12","900","-2","38","4","N","335","Patchy heavy snow","0.1","80","5","1011","36","-2","-5","-10","51","-10","1","5.4","-4"
"2014-03-13","900","-6","18","195","SSW","113","Sunny","0","81","10","1021","23","-6","-9","-13","25","-13","2","0","-4"
"2014-03-14","900","3","33","210","SSW","113","Sunny","0","96","10","1003","6","3","3","-2","69","-2","2","0","5"
"2014-03-15","900","0","14","336","NNW","113","Sunny","0","92","10","1019","17","0","-1","-5","22","-5","2","0.2","0"
"2014-03-16","900","-8","39","51","NE","113","Sunny","0","70","10","1028","23","-8","-12","-18","47","-18","2","0","-7"
"2014-03-17","900","-6","19","124","SE","113","Sunny","0","62","10","1016","11","-6","-12","-13","23","-13","2","0","-3"
"2014-03-18","900","2","17","153","SSE","113","Sunny","0","78","10","1012","13","2","-2","-2","24","-2","2","0","3"
"2014-03-19","900","5","20","227","SW","302","Moderate rain","1.7","99","7","1003","100","5","5","1","38","1","1","0","4"
"2014-03-20","900","1","12","261","W","329","Patchy moderate snow","0.1","85","7","1018","70","1","-1","-2","18","-2","1","0.2","2"
"2014-03-21","900","2","18","120","ESE","113","Sunny","0","84","10","1015","5","2","0","-2","26","-2","2","0","5"
"2014-03-22","900","2","21","321","NW","332","Moderate snow","0.1","85","5","1021","81","2","0","-2","33","-2","1","0.8","2"
"2014-03-23","900","-5","19","344","NNW","119","Cloudy","0","61","10","1031","70","-5","-11","-11","23","-11","1","0","-4"
"2014-03-24","900","4","23","113","ESE","305","Heavy rain at times","0.5","77","8","1017","59","4","0","0","38","0","1","0","4"
"2014-03-25","900","3","27","128","SE","176","Patchy rain possible","0.2","79","8","1016","61","3","0","-2","41","-2","1","0","4"
"2014-03-26","900","3","18","170","S","176","Patchy rain possible","0.2","76","9","1021","83","3","-1","-2","27","-2","1","0","4"
"2014-03-27","900","2","36","185","S","266","Light drizzle","0.3","85","2","1010","100","2","0","-4","60","-4","1","0","4"
"2014-03-28","900","3","24","331","NNW","329","Patchy moderate snow","0","84","7","1014","51","3","0","-3","38","-3","1","0.1","3"
"2014-03-29","900","1","22","11","N","116","Partly cloudy","0","83","10","1023","58","1","-2","-4","30","-4","2","0","1"
"2014-03-30","900","4","6","146","SE","113","Sunny","0","67","10","1024","1","4","-2","2","7","2","2","0","5"
"2014-03-31","900","7","28","171","S","113","Sunny","0","68","10","1017","10","7","2","3","54","3","3","0","9"
"2014-04-01","900","0","37","254","WSW","374","Light showers of ice pellets","0","68","7","1012","38","0","-5","-7","45","-7","1","0","3"
"2014-04-02","900","3","15","51","NE","116","Partly cloudy","0","75","10","1021","45","3","-1","-1","22","-1","2","0","2"
"2014-04-03","900","2","33","88","E","302","Moderate rain","1.8","92","7","1012","100","2","1","-4","53","-4","1","0","2"
"2014-04-04","900","5","37","244","WSW","266","Light drizzle","0.1","86","2","998","82","5","3","-1","60","-1","2","0.2","3"
"2014-04-05","900","3","8","313","NW","113","Sunny","0","72","10","1022","8","3","-2","1","10","1","2","0","4"
"2014-04-06","900","5","15","173","S","113","Sunny","0","72","10","1020","15","5","1","2","26","2","3","0","6"
"2014-04-07","900","5","13","55","NE","122","Overcast","0","74","10","1008","88","5","1","2","25","2","2","0","5"
"2014-04-08","900","5","16","1","N","353","Light rain shower","0.4","94","10","1007","79","5","5","2","30","2","2","0","6"
"2014-04-09","900","7","6","223","SW","113","Sunny","0","84","10","1017","9","7","4","5","10","5","3","0","7"
"2014-04-10","900","11","33","225","SW","353","Light rain shower","0.2","81","10","1006","79","11","8","8","68","8","3","0","10"
"2014-04-11","900","10","2","200","SSW","113","Sunny","0","63","10","1017","0","10","3","10","3","10","4","0","10"
"2014-04-12","900","13","35","178","S","113","Sunny","0","69","10","1013","22","13","7","10","74","10","4","0","13"
"2014-04-13","900","14","17","249","WSW","122","Overcast","0","93","10","1007","100","14","12","12","36","12","3","0","12"
"2014-04-14","900","3","31","351","N","317","Light sleet","0.2","88","9","1008","91","3","1","-3","46","-3","1","2.6","2"
"2014-04-15","900","-1","22","337","NNW","113","Sunny","0","53","10","1021","9","-1","-10","-7","27","-7","2","0.9","0"
"2014-04-16","900","2","24","156","SSE","116","Partly cloudy","0","79","10","1027","46","2","-1","-3","37","-3","2","0","3"
"2014-04-17","900","7","26","209","SSW","119","Cloudy","0","82","10","1021","80","7","5","3","46","3","2","0","7"
"2014-04-18","900","6","13","1","N","119","Cloudy","0","90","10","1027","73","6","4","3","21","3","2","0","5"
"2014-04-19","900","6","15","102","ESE","113","Sunny","0","81","10","1028","6","6","3","3","23","3","3","0","8"
"2014-04-20","900","11","17","184","S","113","Sunny","0","75","10","1023","5","11","7","9","36","9","4","0","13"
"2014-04-21","900","14","15","205","SSW","116","Partly cloudy","0","85","10","1013","48","14","11","13","33","13","4","0","14"
"2014-04-22","900","5","21","344","NNW","116","Partly cloudy","0","81","10","1016","62","5","2","1","34","1","3","0","6"
"2014-04-23","900","4","16","35","NE","113","Sunny","0","73","10","1022","5","4","-1","0","21","0","2","0","4"
"2014-04-24","900","9","30","134","SE","113","Sunny","0","75","10","1014","8","9","5","5","56","5","3","0","10"
"2014-04-25","900","8","23","321","NW","113","Sunny","0","79","10","1009","20","8","4","4","40","4","3","0","10"
"2014-04-26","900","7","22","26","NNE","113","Sunny","0","76","10","1015","2","7","3","3","32","3","3","0","5"
"2014-04-27","900","6","27","99","E","116","Partly cloudy","0","83","10","1015","56","6","3","1","42","1","3","0","8"
"2014-04-28","900","7","31","106","ESE","266","Light drizzle","0.1","86","2","1006","100","7","5","2","51","2","2","0","8"
"2014-04-29","900","11","13","150","SSE","176","Patchy rain possible","0.3","82","9","998","46","11","8","9","26","9","3","0","11"
"2014-04-30","900","8","14","206","SSW","266","Light drizzle","0.1","92","2","1007","93","8","7","6","28","6","2","0","8"
"2014-05-01","900","6","28","227","SW","353","Light rain shower","0.1","81","10","1007","85","6","3","2","43","2","2","0","6"
"2014-05-02","900","7","18","235","SW","119","Cloudy","0","90","10","1010","72","7","6","4","31","4","2","0","7"
"2014-05-03","900","10","24","297","WNW","116","Partly cloudy","0","75","10","1008","35","10","6","7","42","7","4","0","10"
"2014-05-04","900","8","18","2","N","116","Partly cloudy","0","73","10","1017","30","8","4","6","30","6","3","0","8"
"2014-05-05","900","6","24","64","ENE","263","Patchy light drizzle","0.1","85","5","1016","48","6","4","2","43","2","2","0","7"
"2014-05-06","900","9","22","83","E","113","Sunny","0","74","10","1016","7","9","5","7","38","7","3","0","10"
"2014-05-07","900","12","14","119","ESE","353","Light rain shower","0.6","94","10","1010","68","12","12","11","30","11","3","0","14"
"2014-05-08","900","18","26","190","S","200","Thundery outbreaks possible","0","93","9","1010","45","18","17","18","54","18","4","0","18"
"2014-05-09","900","15","27","214","SW","299","Moderate rain at times","1.4","96","8","1006","58","15","14","13","56","13","3","0","15"
"2014-05-10","900","13","6","220","SW","113","Sunny","0","79","10","1014","10","13","9","12","13","12","4","0","13"
"2014-05-11","900","16","18","188","S","113","Sunny","0","86","10","1014","15","16","13","16","39","16","5","0","16"
"2014-05-12","900","19","24","213","SSW","359","Torrential rain shower","5.4","91","3","1012","14","19","17","19","52","19","4","0","19"
"2014-05-13","900","15","22","243","WSW","266","Light drizzle","0.1","96","2","1013","99","15","14","14","47","14","4","0","13"
"2014-05-14","900","9","16","11","NNE","116","Partly cloudy","0","82","10","1021","31","9","6","6","29","6","3","0","8"
"2014-05-15","900","4","33","335","NNW","266","Light drizzle","0.2","90","2","1015","100","4","3","-2","46","-2","1","0","6"
"2014-05-16","900","4","15","43","NE","296","Light rain","0.7","93","9","1018","100","4","3","0","23","0","1","0","4"
"2014-05-17","900","8","12","262","W","176","Patchy rain possible","0.2","74","9","1021","17","8","4","6","21","6","2","0","8"
"2014-05-18","900","12","21","208","SSW","113","Sunny","0","70","10","1024","12","12","6","9","39","9","4","0","12"
"2014-05-19","900","13","22","159","SSE","113","Sunny","0","64","10","1023","20","13","6","11","44","11","4","0","13"
"2014-05-20","900","17","20","216","SW","353","Light rain shower","0.2","91","10","1011","63","17","16","17","42","17","4","0","17"
"2014-05-21","900","16","11","14","NNE","353","Light rain shower","0.4","94","10","1011","63","16","15","16","23","16","4","0","17"
"2014-05-22","900","13","12","23","NNE","116","Partly cloudy","0","85","10","1019","38","13","10","12","24","12","4","0","12"
"2014-05-23","900","12","12","46","NE","113","Sunny","0","85","10","1022","3","12","10","11","20","11","4","0","11"
"2014-05-24","900","13","8","63","ENE","113","Sunny","0","79","10","1024","0","13","10","13","13","13","4","0","14"
"2014-05-25","900","17","7","201","SSW","113","Sunny","0","76","10","1020","0","17","12","17","14","17","5","0","17"
"2014-05-26","900","18","11","192","SSW","176","Patchy rain possible","0.5","91","9","1017","21","18","16","18","23","18","4","0","18"
"2014-05-27","900","18","17","238","WSW","356","Moderate or heavy rain shower","1.6","93","7","1014","47","18","17","18","36","18","4","0","18"
"2014-05-28","900","12","15","27","NNE","356","Moderate or heavy rain shower","1.9","89","7","1015","52","12","11","11","29","11","3","0","13"
"2014-05-29","900","14","14","58","ENE","119","Cloudy","0","96","10","1019","71","14","13","12","29","12","3","0","14"
"2014-05-30","900","15","13","95","E","113","Sunny","0","84","10","1022","0","15","13","15","26","15","5","0","16"
"2014-05-31","900","18","10","161","SSE","113","Sunny","0","76","10","1021","1","18","14","18","21","18","5","0","18"
"2014-06-01","900","19","19","184","S","113","Sunny","0","74","10","1017","15","19","14","19","41","19","5","0","19"
"2014-06-02","900","20","37","206","SSW","356","Moderate or heavy rain shower","2.5","91","7","1010","80","20","18","20","78","20","4","0","19"
"2014-06-03","900","17","21","300","WNW","113","Sunny","0","74","10","1013","0","17","12","17","43","17","5","0","17"
"2014-06-04","900","14","20","76","ENE","299","Moderate rain at times","1.2","97","8","1009","42","14","13","12","42","12","3","0","12"
"2014-06-05","900","14","10","54","NE","113","Sunny","0","76","10","1015","0","14","10","13","18","13","4","0","14"
"2014-06-06","900","16","1","225","SW","113","Sunny","0","72","10","1015","3","16","11","16","2","16","5","0","16"
"2014-06-07","900","18","10","187","S","113","Sunny","0","72","10","1015","1","18","13","18","22","18","5","0","17"
"2014-06-08","900","11","28","5","N","116","Partly cloudy","0","90","10","1015","40","11","10","8","43","8","4","0","11"
"2014-06-09","900","15","8","54","NE","113","Sunny","0","90","10","1015","20","15","13","15","17","15","4","0","15"
"2014-06-10","900","14","10","55","NE","116","Partly cloudy","0","86","10","1012","48","14","11","13","20","13","4","0","13"
"2014-06-11","900","14","10","273","W","359","Torrential rain shower","3.9","96","3","1006","100","14","13","13","21","13","3","0","14"
"2014-06-12","900","15","12","227","SW","143","Mist","0","96","2","1008","89","15","14","14","24","14","3","0","16"
"2014-06-13","900","13","14","320","NW","113","Sunny","0","70","10","1015","0","13","8","12","26","12","4","0","14"
"2014-06-14","900","15","9","183","S","113","Sunny","0","75","10","1019","13","15","11","15","20","15","5","0","16"
"2014-06-15","900","17","29","163","SSE","113","Sunny","0","75","10","1013","0","17","13","17","60","17","5","0","18"
"2014-06-16","900","20","6","236","WSW","113","Sunny","0","87","10","1018","0","20","17","20","12","20","5","0","20"
"2014-06-17","900","21","36","218","SW","116","Partly cloudy","0","88","10","1011","25","24","19","21","76","21","6","0","21"
"2014-06-18","900","19","8","199","SSW","356","Moderate or heavy rain shower","2.1","95","7","1013","17","19","18","19","17","19","4","0","19"
"2014-06-19","900","15","12","58","ENE","353","Light rain shower","0.1","97","10","1018","73","15","15","14","26","14","4","0","17"
"2014-06-20","900","18","12","243","WSW","353","Light rain shower","0.7","95","10","1014","82","18","17","18","26","18","4","0","18"
"2014-06-21","900","14","8","133","SE","353","Light rain shower","0.1","97","10","1014","71","14","14","14","17","14","3","0","16"
"2014-06-22","900","16","6","54","NE","143","Mist","0","94","2","1013","43","16","15","16","13","16","4","0","17"
"2014-06-23","900","18","12","172","S","356","Moderate or heavy rain shower","1.8","94","7","1010","31","18","17","18","24","18","4","0","18"
"2014-06-24","900","17","8","235","SW","356","Moderate or heavy rain shower","1.4","96","7","1011","36","17","17","17","16","17","4","0","18"
"2014-06-25","900","14","10","27","NNE","263","Patchy light drizzle","0.1","97","5","1015","73","14","14","13","21","13","3","0","15"
"2014-06-26","900","13","7","38","NE","143","Mist","0","97","2","1018","62","13","12","12","14","12","3","0","14"
"2014-06-27","900","19","13","139","SE","113","Sunny","0","91","10","1016","10","19","17","19","26","19","5","0","19"
"2014-06-28","900","19","15","188","S","356","Moderate or heavy rain shower","2.9","94","7","1016","45","19","18","19","33","19","4","0","20"
"2014-06-29","900","18","19","218","SW","119","Cloudy","0","96","10","1014","75","18","17","18","39","18","4","0","19"
"2014-06-30","900","21","22","218","SW","113","Sunny","0","92","10","1009","17","21","19","21","47","21","6","0","21"
"2014-07-01","900","19","22","233","SW","113","Sunny","0","85","10","1006","4","19","16","19","47","19","5","0","19"
"2014-07-02","900","15","17","268","W","116","Partly cloudy","0","87","10","1011","39","15","13","15","33","15","5","0","14"
"2014-07-03","900","15","6","316","NW","113","Sunny","0","85","10","1019","0","15","13","15","9","15","5","0","15"
"2014-07-04","900","16","11","38","NE","113","Sunny","0","81","10","1026","8","16","13","16","22","16","5","0","16"
"2014-07-05","900","18","16","188","S","113","Sunny","0","77","10","1022","22","18","14","18","33","18","5","0","17"
"2014-07-06","900","17","15","203","SSW","119","Cloudy","0","96","10","1013","76","17","16","17","31","17","4","0","19"
"2014-07-07","900","19","10","289","WNW","143","Mist","0","96","2","1006","78","19","18","19","22","19","4","0","20"
"2014-07-08","900","19","26","289","WNW","356","Moderate or heavy rain shower","1.3","81","7","1004","3","19","15","19","54","19","4","0","19"
"2014-07-09","900","17","9","347","NNW","176","Patchy rain possible","0.2","88","9","1013","13","17","15","17","19","17","4","0","17"
"2014-07-10","900","18","6","92","E","113","Sunny","0","79","10","1021","2","18","14","18","10","18","5","0","18"
"2014-07-11","900","19","8","193","SSW","113","Sunny","0","82","10","1022","10","19","15","19","16","19","5","0","19"
"2014-07-12","900","19","21","208","SSW","356","Moderate or heavy rain shower","2.4","98","7","1017","100","19","19","19","43","19","4","0","20"
"2014-07-13","900","18","12","278","W","143","Mist","0","95","2","1013","50","18","17","18","23","18","4","0","20"
"2014-07-14","900","20","11","180","S","353","Light rain shower","0.8","84","10","1010","41","20","17","20","22","20","4","0","19"
"2014-07-15","900","15","20","310","NW","353","Light rain shower","0.1","81","10","1013","59","15","12","13","27","13","3","0","16"
"2014-07-16","900","17","16","352","N","176","Patchy rain possible","0.2","78","9","1016","17","17","13","17","22","17","4","0","17"
"2014-07-17","900","19","9","194","SSW","113","Sunny","0.1","80","10","1019","9","19","15","19","12","19","5","0","19"
"2014-07-18","900","20","12","156","SSE","176","Patchy rain possible","0.1","80","9","1021","22","20","16","20","18","20","4","0","20"
"2014-07-19","900","23","2","91","E","113","Sunny","0","75","10","1017","0","25","18","23","2","25","6","0","22"
"2014-07-20","900","22","7","171","S","113","Sunny","0","78","10","1017","8","25","18","22","10","25","6","0","22"
"2014-07-21","900","23","12","182","S","113","Sunny","0","76","10","1019","2","25","18","23","18","25","6","0","23"
"2014-07-22","900","20","18","199","SSW","113","Sunny","0","94","10","1016","20","20","19","20","36","20","5","0","22"
"2014-07-23","900","18","32","15","NNE","116","Partly cloudy","0","82","10","1020","35","18","15","18","46","18","5","0","18"
"2014-07-24","900","18","17","28","NNE","113","Sunny","0","74","10","1021","0","18","14","18","20","18","5","0","19"
"2014-07-25","900","20","14","200","SSW","113","Sunny","0","75","10","1015","6","20","16","20","20","20","6","0","20"
"2014-07-26","900","21","8","201","SSW","353","Light rain shower","0.6","93","10","1010","92","21","19","21","10","21","5","0","22"
"2014-07-27","900","24","17","275","W","176","Patchy rain possible","0.6","82","9","1006","20","26","20","24","29","26","5","0","22"
"2014-07-28","900","16","27","350","N","116","Partly cloudy","0","78","10","1016","62","16","12","16","36","16","5","0","17"
"2014-07-29","900","20","17","289","WNW","113","Sunny","0.3","76","10","1017","11","20","16","20","23","20","5","0","20"
"2014-07-30","900","20","9","342","NNW","356","Moderate or heavy rain shower","1.5","85","7","1016","14","20","17","20","14","20","4","0","20"
"2014-07-31","900","21","14","247","WSW","113","Sunny","0","74","10","1016","12","21","16","21","22","21","6","0","21"
"2014-08-01","900","22","7","252","WSW","176","Patchy rain possible","0.5","81","9","1018","11","24","18","22","12","22","5","0","22"
"2014-08-02","900","21","4","32","NNE","113","Sunny","0","80","10","1020","6","24","18","21","5","21","6","0","22"
"2014-08-03","900","23","10","232","SW","113","Sunny","0.1","76","10","1020","7","25","18","23","17","25","6","0","23"
"2014-08-04","900","23","4","251","WSW","113","Sunny","0.3","83","10","1019","6","25","19","23","7","25","6","0","22"
"2014-08-05","900","20","4","20","NNE","353","Light rain shower","0.5","93","10","1017","60","20","19","20","7","20","5","0","20"
"2014-08-06","900","21","8","15","NNE","113","Sunny","0","84","10","1017","3","24","18","21","10","21","6","0","21"
"2014-08-07","900","21","12","113","ESE","113","Sunny","0","70","10","1019","0","21","15","21","19","21","6","0","21"
"2014-08-08","900","20","17","99","E","116","Partly cloudy","0","74","10","1018","47","20","15","20","29","20","6","0","21"
"2014-08-09","900","21","14","70","ENE","113","Sunny","0","77","10","1019","4","21","17","21","21","21","6","0","20"
"2014-08-10","900","20","9","67","ENE","116","Partly cloudy","0","89","10","1016","30","20","18","20","14","20","6","0","20"
"2014-08-11","900","21","5","128","SE","356","Moderate or heavy rain shower","1.2","94","7","1011","41","24","20","21","8","21","5","0","22"
"2014-08-12","900","17","28","315","NW","266","Light drizzle","0.2","90","2","1009","100","17","15","17","38","17","4","0","17"
"2014-08-13","900","20","17","264","W","116","Partly cloudy","0","72","10","1015","47","20","15","20","24","20","6","0","20"
"2014-08-14","900","18","20","38","NE","116","Partly cloudy","0","75","10","1019","45","18","13","18","23","18","5","0","18"
"2014-08-15","900","18","12","222","SW","113","Sunny","0","65","10","1018","5","18","11","18","14","18","5","0","19"
"2014-08-16","900","22","14","224","SW","113","Sunny","0","84","10","1013","22","24","19","22","21","22","6","0","22"
"2014-08-17","900","20","11","15","NNE","119","Cloudy","0","92","10","1014","74","20","19","20","14","20","5","0","19"
"2014-08-18","900","20","4","138","SE","119","Cloudy","0","92","10","1012","72","20","19","20","5","20","5","0","22"
"2014-08-19","900","23","27","217","SW","359","Torrential rain shower","5.3","85","3","1006","15","25","21","23","57","25","5","0","23"
"2014-08-20","900","23","10","251","WSW","113","Sunny","0","85","10","1012","13","25","20","23","16","25","6","0","23"
"2014-08-21","900","22","12","208","SSW","266","Light drizzle","0.1","96","2","1014","99","24","21","22","20","22","5","0","23"
"2014-08-22","900","24","3","34","NNE","116","Partly cloudy","0","92","10","1012","34","26","23","24","5","26","6","0","25"
"2014-08-23","900","24","3","117","ESE","116","Partly cloudy","0","88","10","1015","31","27","22","24","5","27","6","0","24"
"2014-08-24","900","22","12","127","SE","353","Light rain shower","0.2","93","10","1015","62","25","21","22","19","22","5","0","23"
"2014-08-25","900","25","8","185","S","356","Moderate or heavy rain shower","1.2","92","7","1016","17","28","24","25","16","28","6","0","26"
"2014-08-26","900","23","7","293","WNW","356","Moderate or heavy rain shower","2.7","95","7","1019","67","26","23","23","14","26","5","0","23"
"2014-08-27","900","22","9","64","ENE","113","Sunny","0","85","10","1019","16","25","19","22","12","22","6","0","21"
"2014-08-28","900","20","13","86","E","113","Sunny","0","74","10","1020","7","20","15","20","17","20","6","0","20"
"2014-08-29","900","23","18","167","SSE","356","Moderate or heavy rain shower","1.7","92","7","1014","45","25","21","23","31","25","5","0","23"
"2014-08-30","900","24","28","204","SSW","113","Sunny","0","84","10","1010","16","26","21","24","41","26","6","0","24"
"2014-08-31","900","23","8","177","S","116","Partly cloudy","0","89","10","1013","29","25","21","23","10","25","6","0","24"
"2014-09-01","900","23","30","201","SSW","122","Overcast","0","92","10","1007","88","25","22","23","44","25","5","0","24"
"2014-09-02","900","23","9","277","W","176","Patchy rain possible","0.8","82","9","1012","11","25","19","23","13","25","5","0","23"
"2014-09-03","900","25","2","248","WSW","113","Sunny","0","75","10","1016","0","27","20","25","2","27","6","0","24"
"2014-09-04","900","20","32","195","SSW","302","Moderate rain","3.2","95","7","1013","75","20","19","20","52","20","5","0","22"
"2014-09-05","900","25","21","238","WSW","356","Moderate or heavy rain shower","1.2","88","7","1014","20","28","23","25","37","28","6","0","24"
"2014-09-06","900","18","21","352","N","113","Sunny","0","75","10","1020","13","18","14","18","28","18","5","0","20"
"2014-09-07","900","23","1","274","W","113","Sunny","0","68","10","1022","0","25","16","23","2","25","6","0","22"
"2014-09-08","900","20","13","167","SSE","113","Sunny","0","73","10","1020","0","20","15","20","17","20","5","0","20"
"2014-09-09","900","21","17","174","S","113","Sunny","0","84","10","1015","9","21","18","21","22","21","6","0","22"
"2014-09-10","900","20","39","175","S","308","Heavy rain","4.1","96","5","1002","100","20","20","20","63","20","5","0","21"
"2014-09-11","900","12","19","330","NNW","116","Partly cloudy","0","76","10","1020","48","12","8","10","23","10","4","0","12"
"2014-09-12","900","12","14","20","NNE","266","Light drizzle","0.2","83","2","1027","98","12","10","11","19","11","3","0","12"
"2014-09-13","900","19","16","203","SSW","305","Heavy rain at times","0.5","77","9","1016","74","20","15","20","22","20","4","0","19"
"2014-09-14","900","13","13","214","SW","116","Partly cloudy","0","76","10","1026","39","13","9","12","16","12","4","0","14"
"2014-09-15","900","15","14","221","SW","119","Cloudy","0","77","10","1020","63","15","11","14","19","14","3","0","14"
"2014-09-16","900","15","8","319","NW","113","Sunny","0","74","10","1023","0","15","11","15","10","15","5","0","16"
"2014-09-17","900","16","7","226","SW","113","Sunny","0","73","10","1016","5","16","11","16","8","16","5","0","17"
"2014-09-18","900","17","9","47","NE","113","Sunny","0","77","10","1020","15","17","13","17","11","17","5","0","16"
"2014-09-19","900","17","19","171","S","113","Sunny","0","79","10","1020","0","17","13","17","26","17","5","0","18"
"2014-09-20","900","20","27","210","SSW","116","Partly cloudy","0","86","10","1011","28","20","17","20","39","20","5","0","20"
"2014-09-21","900","15","39","298","WNW","119","Cloudy","0","80","10","1010","80","15","11","12","47","12","3","0","15"
"2014-09-22","900","13","10","346","NNW","113","Sunny","0","68","10","1025","0","13","8","13","11","13","4","0","15"
"2014-09-23","900","17","7","216","SW","113","Sunny","0","70","10","1027","0","17","12","17","8","17","5","0","18"
"2014-09-24","900","17","14","151","SSE","116","Partly cloudy","0","79","10","1027","48","17","14","17","20","17","5","0","18"
"2014-09-25","900","18","8","176","S","116","Partly cloudy","0","81","10","1025","54","18","15","18","11","18","5","0","19"
"2014-09-26","900","18","6","121","ESE","116","Partly cloudy","0","74","10","1024","41","18","13","18","9","18","5","0","19"
"2014-09-27","900","19","8","123","ESE","119","Cloudy","0","78","10","1024","78","19","15","19","13","19","4","0","19"
"2014-09-28","900","19","2","130","SE","113","Sunny","0","80","10","1021","12","19","16","19","3","19","5","0","19"
"2014-09-29","900","19","7","243","WSW","113","Sunny","0","75","10","1016","22","19","15","19","12","19","5","0","20"
"2014-09-30","900","12","18","14","NNE","119","Cloudy","0","76","10","1017","65","12","8","10","23","10","3","0","12"
"2014-10-01","900","14","17","142","SE","113","Sunny","0","78","10","1016","12","14","10","12","21","12","4","0","15"
"2014-10-02","900","18","15","178","S","119","Cloudy","0","89","10","1011","74","18","17","18","24","18","4","0","19"
"2014-10-03","900","14","32","294","WNW","302","Moderate rain","1.2","89","7","1002","93","14","12","11","41","11","3","0","13"
"2014-10-04","900","5","31","254","WSW","317","Light sleet","0.2","83","9","1006","100","5","2","0","36","0","1","0.1","6"
"2014-10-05","900","8","22","225","SW","116","Partly cloudy","0","69","10","1007","61","8","3","5","25","5","3","0","10"
"2014-10-06","900","12","24","231","SW","356","Moderate or heavy rain shower","1.4","92","7","1001","69","12","10","9","40","9","3","0","12"
"2014-10-07","900","13","25","215","SW","353","Light rain shower","0.7","93","10","1003","81","13","12","11","35","11","3","0","14"
"2014-10-08","900","13","25","285","WNW","113","Sunny","0","57","10","1016","2","13","4","10","34","10","4","0","13"
"2014-10-09","900","11","12","325","NW","113","Sunny","0","59","10","1019","11","11","4","10","16","10","4","0","12"
"2014-10-10","900","12","8","92","E","113","Sunny","0","70","10","1022","4","12","7","11","9","11","4","0","11"
"2014-10-11","900","12","6","136","SE","113","Sunny","0","67","10","1024","0","12","6","12","7","12","4","0","12"
"2014-10-12","900","10","19","137","SE","113","Sunny","0","73","10","1018","0","10","5","7","25","7","3","0","12"
"2014-10-13","900","16","12","178","S","116","Partly cloudy","0","93","10","1011","55","16","15","16","19","16","5","0","17"
"2014-10-14","900","17","13","152","SSE","176","Patchy rain possible","0.2","84","9","999","14","17","14","17","21","17","4","0","16"
"2014-10-15","900","11","19","340","NNW","266","Light drizzle","0.1","91","2","1006","100","11","10","9","24","9","3","0","12"
"2014-10-16","900","12","11","278","W","116","Partly cloudy","0","84","10","1011","42","12","10","11","13","11","4","0","13"
"2014-10-17","900","13","27","274","W","113","Sunny","0","75","10","1002","9","13","9","11","35","11","4","0","13"
"2014-10-18","900","9","30","342","NNW","266","Light drizzle","0.3","81","2","1017","100","9","6","6","39","6","2","0","9"
"2014-10-19","900","8","16","214","SSW","119","Cloudy","0","75","10","1023","70","8","4","5","21","5","2","0","9"
"2014-10-20","900","11","18","301","WNW","353","Light rain shower","0.4","91","10","1010","91","11","10","9","23","9","3","0","12"
"2014-10-21","900","10","29","0","N","119","Cloudy","0","77","10","1020","77","10","6","7","38","7","3","0","10"
"2014-10-22","900","9","10","102","ESE","113","Sunny","0","80","10","1028","22","9","6","8","13","8","3","0","10"
"2014-10-23","900","9","16","196","SSW","113","Sunny","0","81","10","1023","2","9","6","7","21","7","3","0","11"
"2014-10-24","900","13","5","259","WSW","116","Partly cloudy","0","90","10","1018","57","13","11","13","7","13","4","0","14"
"2014-10-25","900","15","19","298","WNW","113","Sunny","0","81","10","1013","11","15","11","13","30","13","4","0","15"
"2014-10-26","900","13","6","328","NNW","113","Sunny","0","58","10","1016","0","13","5","13","7","13","4","0","13"
"2014-10-27","900","16","26","191","S","119","Cloudy","0","92","10","1005","75","16","15","16","44","16","4","0","17"
"2014-10-28","900","13","27","258","WSW","113","Sunny","0","69","10","1009","2","13","7","10","36","10","4","0","13"
"2014-10-29","900","8","23","297","WNW","113","Sunny","0","65","10","1018","13","8","2","4","30","4","3","0","8"
"2014-10-30","900","7","14","211","SSW","116","Partly cloudy","0","65","10","1020","61","7","1","5","19","5","3","0","8"
"2014-10-31","900","4","55","346","NNW","317","Light sleet","0.3","76","9","1020","100","4","0","-3","70","-3","1","0","4"
"2014-11-01","900","4","26","27","NNE","119","Cloudy","0","70","10","1031","69","4","-1","-1","32","-1","1","0","4"
"2014-11-02","900","4","21","183","S","113","Sunny","0","61","10","1030","3","4","-3","-1","27","-1","2","0","6"
"2014-11-03","900","8","32","213","SSW","116","Partly cloudy","0","77","10","1020","27","8","5","4","44","4","3","0","11"
"2014-11-04","900","12","30","229","SW","122","Overcast","0","93","10","1013","100","12","11","10","47","10","3","0","11"
"2014-11-05","900","8","11","220","SW","116","Partly cloudy","0","80","10","1021","35","8","4","6","15","6","3","0","10"
"2014-11-06","900","7","41","320","NW","266","Light drizzle","0.1","83","2","1010","100","7","4","1","52","1","2","0","6"
"2014-11-07","900","3","14","255","WSW","323","Patchy light snow","0","75","10","1023","16","3","-1","0","18","0","1","0","4"
"2014-11-08","900","7","36","312","NW","119","Cloudy","0","79","10","1010","85","7","4","2","45","2","2","0","6"
"2014-11-09","900","5","30","204","SSW","116","Partly cloudy","0","72","10","1013","33","5","0","-1","38","-1","2","0","6"
"2014-11-10","900","8","27","159","SSE","116","Partly cloudy","0","85","10","1008","53","8","6","4","36","4","3","0","10"
"2014-11-11","900","7","33","282","WNW","296","Light rain","0.9","91","9","1005","100","7","6","3","44","3","2","0","6"
"2014-11-12","900","-2","21","282","WNW","113","Sunny","0","56","10","1027","4","-2","-9","-8","25","-8","2","0","-1"
"2014-11-13","900","-3","23","290","WNW","113","Sunny","0","61","10","1028","14","-3","-9","-9","28","-9","2","0.4","-2"
"2014-11-14","900","-3","18","294","WNW","371","Moderate or heavy snow showers","0.1","74","7","1029","76","-3","-7","-8","22","-8","1","0.3","-3"
"2014-11-15","900","-3","14","234","SW","113","Sunny","0","64","10","1029","9","-3","-9","-8","18","-8","2","0","-2"
"2014-11-16","900","-1","19","210","SSW","323","Patchy light snow","0","76","10","1020","46","-1","-4","-6","24","-6","1","0.5","0"
"2014-11-17","900","-7","29","281","WNW","116","Partly cloudy","0","68","10","1013","25","-7","-12","-16","34","-16","2","0","-7"
"2014-11-18","900","-10","38","266","W","227","Blowing snow","0","79","2","1021","89","-10","-13","-20","43","-20","1","0.1","-8"
"2014-11-19","900","-3","30","210","SSW","230","Blizzard","0.4","91","0","1008","100","-3","-4","-10","36","-10","1","0","-2"
"2014-11-20","900","-5","33","277","W","326","Light snow","0","75","10","1018","69","-5","-9","-13","38","-13","1","0","-4"
"2014-11-21","900","-6","10","199","SSW","113","Sunny","0","66","10","1032","4","-6","-11","-10","12","-10","2","0","-3"
"2014-11-22","900","4","28","206","SSW","266","Light drizzle","0.3","95","2","1018","98","4","3","-1","45","-1","1","0","6"
"2014-11-23","900","9","28","184","S","119","Cloudy","0","93","10","1007","66","9","8","6","50","6","2","0","9"
"2014-11-24","900","5","37","258","WSW","302","Moderate rain","1.7","94","7","988","100","6","5","0","52","0","2","0","3"
"2014-11-25","900","-5","26","272","W","119","Cloudy","0","88","10","1019","65","-5","-7","-12","32","-12","1","0.1","-4"
"2014-11-26","900","-3","12","141","SE","116","Partly cloudy","0","76","10","1022","30","-4","-7","-8","17","-8","2","0.1","-3"
"2014-11-27","900","-3","28","303","WNW","230","Blizzard","0","89","0","1028","100","-3","-5","-10","36","-10","1","0.1","-4"
"2014-11-28","900","-5","25","179","S","116","Partly cloudy","0","76","10","1025","34","-5","-8","-12","32","-12","2","0","-2"
"2014-11-29","900","3","27","187","S","122","Overcast","0","98","10","1008","99","3","2","-3","45","-3","1","0","5"
"2014-11-30","900","8","19","240","WSW","119","Cloudy","0","97","10","1007","70","8","8","5","39","5","2","0","6"
"2014-12-01","900","-5","26","332","NNW","116","Partly cloudy","0","54","10","1037","47","-5","-13","-13","31","-13","2","0","-6"
"2014-12-02","900","-3","18","161","SSE","113","Sunny","0","65","10","1027","4","-3","-8","-8","23","-8","2","0","-1"
"2014-12-03","900","-1","28","275","W","113","Sunny","0","78","10","1023","2","-1","-4","-8","36","-8","2","0","0"
"2014-12-04","900","0","16","88","E","119","Cloudy","0","74","10","1030","77","0","-4","-5","22","-5","1","0","0"
"2014-12-05","900","1","9","191","S","122","Overcast","0","89","10","1024","95","2","0","-1","13","-1","1","0","2"
"2014-12-06","900","3","32","14","NNE","116","Partly cloudy","0","80","10","1032","47","3","0","-3","46","-3","2","0","3"
"2014-12-07","900","0","22","129","SE","119","Cloudy","0","60","10","1038","77","0","-6","-5","30","-5","1","0","1"
"2014-12-08","900","2","22","203","SSW","296","Light rain","0.8","91","9","1021","100","2","1","-3","32","-3","1","0.3","2"
"2014-12-09","900","3","30","349","N","122","Overcast","0","89","10","1026","90","3","1","-3","43","-3","1","0.1","3"
"2014-12-10","900","1","23","5","N","122","Overcast","0","79","10","1029","96","1","-3","-5","32","-5","1","0","1"
"2014-12-11","900","-3","14","289","WNW","113","Sunny","0","77","10","1026","0","-3","-6","-8","19","-8","2","0","-1"
"2014-12-12","900","-2","21","283","WNW","116","Partly cloudy","0","79","10","1027","32","-2","-5","-8","28","-8","2","0","0"
"2014-12-13","900","3","18","250","WSW","116","Partly cloudy","0","93","10","1024","52","3","2","-1","29","-1","2","0","5"
"2014-12-14","900","7","16","209","SSW","119","Cloudy","0","96","10","1020","76","7","6","4","29","4","2","0","7"
"2014-12-15","900","7","21","175","S","122","Overcast","0","93","10","1015","88","7","6","3","35","3","2","0","6"
"2014-12-16","900","6","20","286","WNW","122","Overcast","0.1","94","10","1006","100","6","5","2","32","2","2","0","5"
"2014-12-17","900","-3","23","292","WNW","119","Cloudy","0","67","10","1025","83","-3","-8","-9","29","-9","1","0","-2"
"2014-12-18","900","-4","12","246","WSW","113","Sunny","0","59","10","1027","16","-4","-11","-8","15","-8","2","0","-3"
"2014-12-19","900","-1","11","335","NNW","116","Partly cloudy","0","75","10","1027","60","-1","-5","-5","15","-5","2","0","-1"
"2014-12-20","900","-1","4","207","SSW","122","Overcast","0","74","10","1027","96","0","-4","-1","5","-1","1","0","0"
"2014-12-21","900","1","23","170","S","116","Partly cloudy","0","74","10","1025","37","1","-3","-5","32","-5","2","0","2"
"2014-12-22","900","1","22","132","SE","119","Cloudy","0","70","10","1013","67","1","-4","-4","31","-4","1","0","2"
"2014-12-23","900","6","26","211","SSW","119","Cloudy","0","89","10","1004","69","6","5","2","45","2","2","0","7"
"2014-12-24","900","4","4","336","NNW","296","Light rain","0.9","96","9","1003","94","4","3","3","6","3","1","0","4"
"2014-12-25","900","2","28","233","SW","227","Blowing snow","0","79","2","1014","78","2","-2","-4","38","-4","1","0","3"
"2014-12-26","900","3","27","206","SSW","116","Partly cloudy","0","89","10","1018","28","3","2","-2","42","-2","2","0","6"
"2014-12-27","900","7","32","201","SSW","122","Overcast","0","94","10","1015","100","7","6","2","55","2","2","0","5"
"2014-12-28","900","-2","13","282","WNW","116","Partly cloudy","0","65","10","1023","39","-2","-8","-7","17","-7","2","0","-1"
"2014-12-29","900","-1","22","30","NNE","122","Overcast","0","78","10","1029","100","-1","-4","-7","29","-7","1","0","-1"
"2014-12-30","900","-8","23","327","NNW","113","Sunny","0","70","10","1038","11","-8","-13","-16","29","-16","2","0","-8"
"2014-12-31","900","-12","29","254","WSW","113","Sunny","0","54","10","1034","0","-12","-20","-22","34","-22","2","0","-10"
"2015-01-01","900","-7","38","238","WSW","113","Sunny","0","63","10","1019","7","-7","-13","-16","47","-16","2","0","-4"
"2015-01-02","900","-2","8","238","WSW","113","Sunny","0","78","10","1028","5","-2","-6","-5","10","-5","2","0","-1"
"2015-01-03","900","1","18","150","SSE","296","Light rain","0.7","95","9","1015","100","1","1","-4","27","-4","1","1","1"
"2015-01-04","900","0","32","316","NW","230","Blizzard","0.5","90","0","1012","100","0","-1","-6","42","-6","1","2.6","-3"
"2015-01-05","900","-16","29","274","W","113","Sunny","0","80","10","1040","0","-16","-19","-28","34","-28","2","1.4","-15"
"2015-01-06","900","-14","23","305","NW","326","Light snow","0","98","10","1029","83","-14","-14","-23","30","-23","1","3.6","-12"
"2015-01-07","900","-16","46","318","NW","227","Blowing snow","0","92","2","1038","32","-16","-17","-30","53","-30","1","0.2","-16"
"2015-01-08","900","-18","34","218","SW","227","Blowing snow","0","95","2","1029","80","-18","-18","-30","39","-30","1","0","-14"
"2015-01-09","900","-15","35","282","WNW","227","Blowing snow","0","94","2","1027","83","-15","-15","-26","42","-26","1","0","-14"
"2015-01-10","900","-15","26","227","SW","116","Partly cloudy","0","93","10","1032","32","-15","-16","-25","36","-25","2","0","-11"
"2015-01-11","900","-5","23","219","SW","113","Sunny","0","84","10","1026","5","-5","-7","-12","35","-12","2","2.8","-3"
"2015-01-12","900","-6","32","345","NNW","116","Partly cloudy","0","89","10","1032","46","-6","-8","-15","43","-15","2","2.5","-6"
"2015-01-13","900","-10","15","89","E","323","Patchy light snow","0","90","10","1043","62","-10","-11","-16","22","-16","1","0.2","-9"
"2015-01-14","900","-12","15","242","WSW","116","Partly cloudy","0","95","10","1030","59","-12","-13","-19","23","-19","2","0","-10"
"2015-01-15","900","-7","25","225","SW","113","Sunny","0","84","10","1020","18","-7","-9","-15","41","-15","2","0","-5"
"2015-01-16","900","-3","6","333","NNW","116","Partly cloudy","0","84","10","1023","35","-3","-6","-6","11","-6","2","0","-2"
"2015-01-17","900","2","42","203","SSW","113","Sunny","0","87","10","1008","16","2","1","-4","67","-4","2","0","2"
"2015-01-18","900","1","26","266","W","338","Heavy snow","0.1","94","2","1010","100","1","0","-5","38","-5","1","0.7","1"
"2015-01-19","900","0","10","50","NE","119","Cloudy","0","94","10","1018","77","0","-1","-3","17","-3","1","0","1"
"2015-01-20","900","1","4","264","W","143","Mist","0","96","2","1013","100","1","1","0","6","0","1","0.1","1"
"2015-01-21","900","0","12","27","NNE","326","Light snow","0","90","10","1017","100","0","-1","-3","17","-3","1","0.3","0"
"2015-01-22","900","-1","9","291","WNW","326","Light snow","0","82","10","1031","73","-1","-3","-4","12","-4","1","0.1","-1"
"2015-01-23","900","-1","22","242","WSW","119","Cloudy","0","87","10","1024","83","-1","-3","-7","32","-7","1","0","-1"
"2015-01-24","900","0","22","287","WNW","326","Light snow","0","92","10","1008","65","0","-1","-5","34","-5","1","0","1"
"2015-01-25","900","0","42","49","NE","230","Blizzard","0.3","90","0","1009","100","0","-1","-8","55","-8","1","0.5","-1"
"2015-01-26","900","-5","6","168","SSE","119","Cloudy","0","67","10","1016","74","-5","-10","-8","8","-8","1","0.4","-4"
"2015-01-27","900","-2","16","42","NE","119","Cloudy","0","74","10","1021","84","-2","-6","-7","23","-7","1","0.3","-2"
"2015-01-28","900","-4","23","162","SSE","113","Sunny","0","66","10","1027","20","-4","-9","-10","33","-10","2","0","-2"
"2015-01-29","900","1","40","335","NNW","230","Blizzard","0","83","0","1010","100","1","-2","-7","58","-7","1","0","1"
"2015-01-30","900","-5","21","342","NNW","113","Sunny","0","69","10","1034","10","-5","-10","-11","28","-11","2","0","-4"
"2015-01-31","900","-2","24","229","SW","113","Sunny","0","66","10","1025","5","-2","-8","-9","38","-9","2","0.9","-1"
"2015-02-01","900","-1","39","72","ENE","230","Blizzard","2.3","96","0","1014","100","-1","-2","-9","55","-9","1","2.8","-3"
"2015-02-02","900","-11","32","327","NNW","230","Blizzard","0","93","0","1024","52","-11","-12","-21","46","-21","1","0","-11"
"2015-02-03","900","-9","15","220","SW","116","Partly cloudy","0","82","10","1024","49","-9","-11","-15","24","-15","2","0.3","-7"
"2015-02-04","900","-6","22","338","NNW","326","Light snow","0","87","10","1020","100","-6","-8","-13","30","-13","1","1.1","-7"
"2015-02-05","900","-14","14","296","WNW","113","Sunny","0","85","10","1035","7","-14","-16","-22","23","-22","2","0","-13"
"2015-02-06","900","-7","19","227","SW","116","Partly cloudy","0","77","10","1024","60","-7","-11","-14","28","-14","2","0","-6"
"2015-02-07","900","-1","15","203","SSW","116","Partly cloudy","0","93","10","1012","44","-1","-2","-5","30","-5","2","0","1"
"2015-02-08","900","2","14","15","NNE","119","Cloudy","0","97","10","1006","85","2","1","-2","26","-2","1","0.1","1"
"2015-02-09","900","-3","24","10","N","332","Moderate snow","0","86","5","1023","97","-3","-5","-10","34","-10","1","0.7","-3"
"2015-02-10","900","-4","13","89","E","116","Partly cloudy","0","84","10","1027","57","-4","-6","-9","19","-9","2","0.2","-4"
"2015-02-11","900","0","27","276","W","326","Light snow","0","91","10","1016","78","0","-1","-6","39","-6","1","0","-1"
"2015-02-12","900","-12","41","336","NNW","230","Blizzard","0","86","0","1031","74","-12","-14","-23","54","-23","1","0","-11"
"2015-02-13","900","-12","26","223","SW","113","Sunny","0","87","10","1027","4","-12","-13","-21","35","-21","2","0.2","-9"
"2015-02-14","900","-11","55","327","NNW","230","Blizzard","0.1","78","0","1015","100","-11","-14","-23","73","-23","1","0","-11"
"2015-02-15","900","-14","15","67","ENE","338","Heavy snow","0.2","90","2","1038","92","-14","-15","-21","21","-21","1","1.5","-13"
"2015-02-16","900","-12","10","138","SE","113","Sunny","0","76","10","1026","7","-12","-16","-18","13","-18","2","0","-11"
"2015-02-17","900","-7","23","298","WNW","338","Heavy snow","0.1","86","2","1016","96","-7","-9","-15","29","-15","1","0.9","-9"
"2015-02-18","900","-14","33","310","NW","227","Blowing snow","0","86","2","1016","91","-14","-16","-26","42","-26","1","0.2","-15"
"2015-02-19","900","-20","32","314","NW","113","Sunny","0","86","10","1030","6","-20","-22","-33","42","-33","2","0","-19"
"2015-02-20","900","-16","26","183","S","119","Cloudy","0","80","10","1027","77","-16","-18","-26","37","-26","1","0","-13"
"2015-02-21","900","-6","4","202","SSW","326","Light snow","0","93","10","1015","100","-6","-7","-8","6","-8","1","0.3","-5"
"2015-02-22","900","-8","26","318","NW","326","Light snow","0","87","10","1030","100","-8","-9","-16","34","-16","1","0.3","-10"
"2015-02-23","900","-17","21","312","NW","113","Sunny","0","90","10","1042","4","-17","-18","-27","27","-27","2","0","-16"
"2015-02-24","900","-11","45","226","SW","116","Partly cloudy","0","77","10","1014","45","-11","-14","-23","59","-23","2","0","-8"
"2015-02-25","900","-7","7","10","N","116","Partly cloudy","0","69","10","1017","26","-7","-12","-11","10","-11","2","2","-7"
"2015-02-26","900","-9","27","27","NNE","338","Heavy snow","0.1","80","2","1025","100","-9","-12","-17","36","-17","1","3.6","-9"
"2015-02-27","900","-14","17","293","WNW","113","Sunny","0","85","10","1038","0","-14","-16","-22","24","-22","2","0","-13"
"2015-02-28","900","-12","9","166","SSE","113","Sunny","0","79","10","1042","0","-12","-15","-17","10","-17","2","0.3","-11"
"2015-03-01","900","-7","5","164","SSE","326","Light snow","0","91","10","1030","100","-7","-8","-9","7","-9","1","0.9","-6"
"2015-03-02","900","-7","12","306","NW","113","Sunny","0","86","10","1035","6","-7","-9","-12","18","-12","2","0","-6"
"2015-03-03","900","-2","33","158","SSE","314","Moderate or heavy freezing rain","2.1","95","3","1010","100","-2","-3","-9","47","-9","1","1.6","-1"
"2015-03-04","900","-9","30","317","NW","116","Partly cloudy","0","83","10","1021","61","-9","-11","-18","44","-18","2","0","-9"
"2015-03-05","900","-12","22","319","NW","113","Sunny","0","85","10","1034","6","-12","-14","-21","31","-21","2","0","-12"
"2015-03-06","900","-12","28","199","SSW","116","Partly cloudy","0","83","10","1033","28","-12","-14","-22","38","-22","2","0","-9"
"2015-03-07","900","1","21","228","SW","119","Cloudy","0","92","10","1018","87","1","-1","-5","37","-5","1","0","1"
"2015-03-08","900","0","10","265","W","119","Cloudy","0","92","10","1024","76","0","-1","-3","16","-3","1","0","0"
"2015-03-09","900","2","11","180","S","113","Sunny","0","80","10","1023","0","2","-1","-1","20","-1","2","0","2"
"2015-03-10","900","3","23","209","SSW","176","Patchy rain possible","0.2","80","7","1017","60","3","-1","-2","38","-2","1","0","4"
"2015-03-11","900","2","22","197","SSW","176","Patchy rain possible","0","77","9","1019","80","2","-2","-3","33","-3","1","0","3"
"2015-03-12","900","2","20","204","SSW","176","Patchy rain possible","0.1","76","8","1018","51","2","-2","-2","30","-2","1","0","2"
"2015-03-13","900","1","20","212","SSW","329","Patchy moderate snow","0.2","77","7","1019","56","1","-3","-4","30","-4","1","0.9","2"
"2015-03-14","900","3","17","153","SSE","176","Patchy rain possible","0","78","10","1017","84","3","-1","-1","28","-1","1","0","4"
"2015-03-15","900","3","16","217","SW","176","Patchy rain possible","0","83","10","1017","86","3","1","0","26","0","1","0","4"
"2015-03-16","900","3","21","191","SSW","176","Patchy rain possible","0","76","9","1021","85","3","-1","-2","31","-2","1","0","4"
"2015-03-17","900","4","24","176","S","176","Patchy rain possible","0","74","9","1019","79","4","0","0","40","0","1","0","6"
"2015-03-18","900","5","16","213","SSW","176","Patchy rain possible","0.1","81","8","1016","81","5","2","2","26","2","1","0","6"
"2015-03-19","900","4","25","118","ESE","116","Partly cloudy","0","59","10","1025","45","4","-4","-1","39","-1","2","0","4"
"2015-03-20","900","4","9","229","SW","116","Partly cloudy","0","70","10","1020","43","4","-1","2","15","2","2","0","6"
"2015-03-21","900","6","30","4","N","113","Sunny","0","79","10","1020","10","6","2","1","46","1","3","0","3"
"2015-03-22","900","0","24","74","ENE","116","Partly cloudy","0","55","10","1027","31","0","-8","-5","31","-5","2","0","0"
"2015-03-23","900","-2","30","96","E","230","Blizzard","2.4","93","0","1026","100","-2","-3","-10","42","-10","1","8.8","-2"
"2015-03-24","900","-3","24","107","ESE","122","Overcast","0","66","10","1027","88","-3","-8","-9","35","-9","1","0","-2"
"2015-03-25","900","2","31","263","W","119","Cloudy","0","94","10","1014","85","2","1","-4","48","-4","1","0","4"
"2015-03-26","900","1","18","303","WNW","113","Sunny","0","83","10","1016","4","1","-1","-3","26","-3","2","0","2"
"2015-03-27","900","-4","32","352","N","329","Patchy moderate snow","0","59","7","1023","8","-4","-11","-12","39","-12","1","0.3","-4"
"2015-03-28","900","-3","14","46","NE","113","Sunny","0","50","10","1029","0","-3","-12","-8","18","-8","2","0","-2"
"2015-03-29","900","2","43","196","SSW","113","Sunny","0","47","10","1018","16","2","-8","-5","57","-5","2","0","3"
"2015-03-30","900","6","23","267","W","113","Sunny","0","72","10","1018","18","6","1","2","39","2","3","0","7"
"2015-03-31","900","5","18","333","NNW","113","Sunny","0","82","10","1013","25","5","3","2","25","2","3","0","6"
"2015-04-01","900","9","16","198","SSW","113","Sunny","0","75","10","1018","11","9","5","7","31","7","3","0","11"
"2015-04-02","900","13","32","223","SW","266","Light drizzle","0.1","89","2","1004","100","13","11","10","63","10","3","0","12"
"2015-04-03","900","7","23","347","NNW","263","Patchy light drizzle","0.1","72","5","1014","45","7","2","3","43","3","2","0","5"
"2015-04-04","900","5","23","229","SW","116","Partly cloudy","0","49","10","1025","44","5","-5","0","33","0","2","0","7"
"2015-04-05","900","9","29","228","SW","113","Sunny","0","58","10","1019","24","9","1","5","53","5","3","0","10"
"2015-04-06","900","10","14","206","SSW","116","Partly cloudy","0","76","10","1016","60","10","6","8","27","8","3","0","9"
"2015-04-07","900","5","29","50","NE","122","Overcast","0","91","10","1019","99","5","3","-1","44","-1","1","0","5"
"2015-04-08","900","7","15","29","NNE","353","Light rain shower","0.2","90","10","1014","97","7","5","4","24","4","2","0","7"
"2015-04-09","900","13","20","163","SSE","359","Torrential rain shower","3.4","96","3","1006","62","13","12","11","42","11","3","0","14"
"2015-04-10","900","6","27","276","W","113","Sunny","0","75","10","1011","3","6","2","2","40","2","3","0","8"
"2015-04-11","900","8","15","247","WSW","113","Sunny","0","69","10","1025","4","8","3","6","26","6","3","0","9"
"2015-04-12","900","11","27","177","S","113","Sunny","0","64","10","1021","11","11","4","8","51","8","4","0","11"
"2015-04-13","900","7","22","138","SE","299","Moderate rain at times","0.4","80","8","1017","65","7","4","4","35","4","2","0","7"
"2015-04-14","900","6","23","109","ESE","176","Patchy rain possible","0.1","85","9","1018","51","6","4","2","36","2","2","0","7"
"2015-04-15","900","9","26","192","SSW","305","Heavy rain at times","0.6","77","9","1016","82","9","5","6","46","6","2","0","9"
"2015-04-16","900","8","12","91","E","296","Light rain","0.8","94","9","1019","90","8","7","6","24","6","2","0","9"
"2015-04-17","900","14","10","254","WSW","113","Sunny","0","64","10","1020","22","14","7","14","22","14","4","0","14"
"2015-04-18","900","12","13","180","S","113","Sunny","0","72","10","1017","19","12","7","10","24","10","4","0","11"
"2015-04-19","900","11","17","108","ESE","116","Partly cloudy","0","69","10","1008","51","11","6","9","36","9","4","0","12"
"2015-04-20","900","8","42","266","W","122","Overcast","0","82","10","994","100","8","5","3","64","3","2","0","8"
"2015-04-21","900","7","43","269","W","116","Partly cloudy","0","59","10","1004","50","7","-1","2","55","2","3","0","7"
"2015-04-22","900","3","27","294","WNW","116","Partly cloudy","0","70","10","1010","50","3","-2","-3","35","-3","2","0","4"
"2015-04-23","900","5","21","316","NW","113","Sunny","0","61","10","1018","4","5","-2","2","26","2","3","0","6"
"2015-04-24","900","9","10","147","SSE","113","Sunny","0","47","10","1019","14","9","-2","7","16","7","3","0","8"
"2015-04-25","900","7","32","84","E","263","Patchy light drizzle","0.1","85","5","1008","55","7","5","2","48","2","2","0","6"
"2015-04-26","900","6","19","26","NNE","113","Sunny","0","70","10","1016","1","6","0","2","29","2","3","0","6"
"2015-04-27","900","7","24","347","NNW","116","Partly cloudy","0","78","10","1020","26","7","3","3","33","3","3","0","6"
"2015-04-28","900","7","18","144","SE","176","Patchy rain possible","0.1","81","7","1015","67","7","4","5","28","5","2","0","7"
"2015-04-29","900","9","8","42","NE","113","Sunny","0","66","10","1014","10","9","3","8","13","8","3","0","8"
"2015-04-30","900","6","28","9","N","116","Partly cloudy","0","77","10","1015","45","6","3","2","36","2","3","0","6"
"2015-05-01","900","10","12","358","N","113","Sunny","0","68","10","1022","4","10","4","8","20","8","3","0","10"
"2015-05-02","900","15","15","227","SW","113","Sunny","0","51","10","1019","17","15","5","14","33","14","4","0","15"
"2015-05-03","900","17","25","201","SSW","113","Sunny","0","64","10","1015","18","17","10","17","53","17","5","0","17"
"2015-05-04","900","16","12","145","SE","356","Moderate or heavy rain shower","1.4","89","9","1017","84","16","14","15","25","15","4","0","15"
"2015-05-05","900","12","16","71","ENE","353","Light rain shower","0.8","89","10","1023","81","12","10","10","27","10","3","0","12"
"2015-05-06","900","15","5","145","SE","356","Moderate or heavy rain shower","1.6","88","7","1021","18","15","13","15","9","15","3","0","16"
"2015-05-07","900","19","21","177","S","113","Sunny","0","74","10","1017","19","19","14","19","44","19","5","0","20"
"2015-05-08","900","19","18","221","SW","176","Patchy rain possible","0.3","82","9","1014","26","19","16","19","37","19","4","0","18"
"2015-05-09","900","11","23","358","N","119","Cloudy","0","91","10","1018","83","11","9","8","36","8","3","0","11"
"2015-05-10","900","8","23","17","NNE","296","Light rain","0.5","93","9","1016","100","8","7","5","34","5","2","0","10"
"2015-05-11","900","15","25","190","S","302","Moderate rain","1.4","96","7","1010","100","15","15","15","52","15","4","0","16"
"2015-05-12","900","10","35","265","W","116","Partly cloudy","0","70","10","1017","36","10","5","6","49","6","4","0","10"
"2015-05-13","900","7","23","35","NE","113","Sunny","0","75","10","1031","4","7","3","4","28","4","3","0","7"
"2015-05-14","900","11","20","132","SE","116","Partly cloudy","0","79","10","1027","48","11","8","9","34","9","4","0","12"
"2015-05-15","900","17","19","233","SW","119","Cloudy","0","90","10","1015","83","17","15","17","40","17","4","0","17"
"2015-05-16","900","17","9","192","SSW","176","Patchy rain possible","0.1","91","9","1016","40","17","16","17","19","17","4","0","18"
"2015-05-17","900","18","30","158","SSE","353","Light rain shower","0.1","94","10","1014","92","18","17","18","62","18","4","0","19"
"2015-05-18","900","19","24","240","WSW","176","Patchy rain possible","1","84","9","1015","4","19","16","19","51","19","4","0","17"
"2015-05-19","900","9","21","318","NW","116","Partly cloudy","0","70","10","1023","38","9","4","6","30","6","3","0","9"
"2015-05-20","900","7","16","62","ENE","116","Partly cloudy","0","62","10","1024","54","7","1","4","23","4","3","0","6"
"2015-05-21","900","9","14","280","W","119","Cloudy","0","69","10","1019","34","10","4","8","24","8","2","0","11"
"2015-05-22","900","12","16","56","ENE","113","Sunny","0","66","10","1023","0","12","6","10","28","10","4","0","11"
"2015-05-23","900","15","16","157","SSE","113","Sunny","0","60","10","1027","5","15","8","15","33","15","5","0","16"
"2015-05-24","900","16","18","135","SE","119","Cloudy","0","70","10","1021","75","16","10","16","37","16","4","0","17"
"2015-05-25","900","18","39","215","SW","353","Light rain shower","0.6","84","10","1011","76","18","16","18","80","18","4","0","19"
"2015-05-26","900","18","26","161","SSE","266","Light drizzle","0.1","95","2","1013","100","18","17","18","55","18","4","0","18"
"2015-05-27","900","18","31","246","WSW","176","Patchy rain possible","0.2","80","9","1014","42","18","14","18","60","18","4","0","18"
"2015-05-28","900","18","13","149","SSE","113","Sunny","0","64","10","1023","0","18","11","18","27","18","5","0","19"
"2015-05-29","900","20","22","191","S","176","Patchy rain possible","0.5","78","9","1016","35","20","16","20","45","20","5","0","21"
"2015-05-30","900","15","12","9","N","302","Moderate rain","2.9","96","7","1015","100","15","15","15","22","15","4","0","12"
"2015-05-31","900","9","36","25","NNE","122","Overcast","0","85","10","1021","92","9","7","5","49","5","2","0","9"
"2015-06-01","900","10","20","44","NE","113","Sunny","0","71","10","1024","4","10","5","7","25","7","3","0","10"
"2015-06-02","900","15","4","65","ENE","113","Sunny","0","75","10","1022","0","15","11","16","4","16","5","0","14"
"2015-06-03","900","15","13","156","SSE","113","Sunny","0","78","10","1018","7","15","11","15","24","15","5","0","16"
"2015-06-04","900","18","18","196","SSW","116","Partly cloudy","0","78","10","1016","53","18","14","18","37","18","5","0","19"
"2015-06-05","900","13","28","15","NNE","116","Partly cloudy","0","89","10","1019","46","13","11","10","41","10","4","0","12"
"2015-06-06","900","14","18","59","ENE","113","Sunny","0","83","10","1021","6","14","12","13","27","13","4","0","15"
"2015-06-07","900","19","35","201","SSW","263","Patchy light drizzle","0.1","85","5","1008","55","19","16","19","74","19","4","0","21"
"2015-06-08","900","20","19","260","W","113","Sunny","0","75","10","1006","4","20","15","20","39","20","5","0","20"
"2015-06-09","900","19","13","270","W","113","Sunny","0","68","10","1010","7","19","13","19","27","19","5","0","20"
"2015-06-10","900","23","31","255","WSW","356","Moderate or heavy rain shower","1.5","78","7","1006","8","25","19","23","66","25","5","0","22"
"2015-06-11","900","19","13","70","ENE","356","Moderate or heavy rain shower","2.1","87","7","1011","37","19","16","19","25","19","4","0","18"
"2015-06-12","900","18","13","340","NNW","353","Light rain shower","0.6","92","10","1009","74","18","17","18","23","18","4","0","16"
"2015-06-13","900","19","10","209","SSW","356","Moderate or heavy rain shower","2","92","7","1014","68","19","18","19","22","19","4","0","19"
"2015-06-14","900","20","24","231","SW","266","Light drizzle","0.3","94","2","1013","89","20","19","20","51","20","5","0","21"
"2015-06-15","900","20","8","227","SW","356","Moderate or heavy rain shower","1.3","90","9","1014","60","21","18","20","16","20","4","0","20"
"2015-06-16","900","16","19","12","NNE","113","Sunny","0","88","10","1020","3","16","14","16","31","16","5","0","15"
"2015-06-17","900","15","12","65","ENE","116","Partly cloudy","0","82","10","1017","34","15","12","14","23","14","4","0","16"
"2015-06-18","900","22","24","231","SW","356","Moderate or heavy rain shower","2.7","86","7","1013","10","25","19","22","49","22","5","0","21"
"2015-06-19","900","15","23","32","NNE","113","Sunny","0","81","10","1018","6","15","11","13","32","13","4","0","15"
"2015-06-20","900","17","8","108","ESE","119","Cloudy","0","87","10","1012","42","17","15","17","15","17","4","0","19"
"2015-06-21","900","20","12","285","WNW","113","Sunny","0","88","10","1012","18","20","18","20","25","20","6","0","22"
"2015-06-22","900","22","26","176","S","353","Light rain shower","0.7","93","10","1012","61","24","21","22","54","22","5","0","23"
"2015-06-23","900","18","21","348","NNW","113","Sunny","0","74","10","1016","0","18","13","18","36","18","5","0","19"
"2015-06-24","900","21","6","179","S","113","Sunny","0","70","10","1021","15","21","15","21","10","21","6","0","21"
"2015-06-25","900","21","8","206","SSW","356","Moderate or heavy rain shower","2.3","89","7","1014","27","24","20","21","14","21","5","0","20"
"2015-06-26","900","19","15","82","E","116","Partly cloudy","0","86","10","1015","41","19","16","19","22","19","5","0","18"
"2015-06-27","900","17","25","17","NNE","113","Sunny","0","80","10","1014","9","17","14","17","32","17","5","0","18"
"2015-06-28","900","20","10","159","SSE","113","Sunny","0","67","10","1013","9","20","14","20","14","20","6","0","21"
"2015-06-29","900","19","5","120","ESE","119","Cloudy","0","89","10","1009","68","19","17","19","7","19","4","0","19"
"2015-06-30","900","20","12","300","WNW","113","Sunny","0","80","10","1009","8","20","16","20","16","20","5","0","19"
"2015-07-01","900","16","12","29","NNE","116","Partly cloudy","0","79","10","1014","56","16","12","16","14","16","5","0","16"
"2015-07-02","900","16","22","48","NE","116","Partly cloudy","0","83","10","1015","29","16","13","16","25","16","5","0","16"
"2015-07-03","900","19","10","98","E","113","Sunny","0","75","10","1014","7","19","14","19","13","19","5","0","19"
"2015-07-04","900","22","2","343","NNW","113","Sunny","0","73","10","1015","3","24","16","22","3","22","6","0","22"
"2015-07-05","900","24","6","171","S","113","Sunny","0","70","10","1018","0","26","18","24","7","26","6","0","24"
"2015-07-06","900","24","22","185","S","113","Sunny","0","79","10","1015","2","26","20","24","35","26","6","0","24"
"2015-07-07","900","16","38","15","NNE","176","Patchy rain possible","0.2","81","9","1014","14","16","13","16","45","16","4","0","17"
"2015-07-08","900","17","14","87","E","113","Sunny","0","76","10","1019","15","17","13","17","20","17","5","0","17"
"2015-07-09","900","16","20","335","NNW","356","Moderate or heavy rain shower","1.5","94","7","1015","100","16","15","16","32","16","4","0","18"
"2015-07-10","900","20","9","103","ESE","113","Sunny","0","70","10","1020","11","20","14","20","12","20","6","0","21"
"2015-07-11","900","22","10","188","S","113","Sunny","0","74","10","1021","25","25","17","22","15","25","6","0","22"
"2015-07-12","900","21","6","95","E","116","Partly cloudy","0","88","10","1016","49","21","19","21","9","21","6","0","22"
"2015-07-13","900","24","23","221","SW","200","Thundery outbreaks possible","0","92","9","1006","44","26","22","24","36","26","5","0","25"
"2015-07-14","900","23","24","319","NW","176","Patchy rain possible","0.3","78","9","1003","35","25","19","23","37","25","5","0","21"
"2015-07-15","900","18","14","29","NNE","113","Sunny","0","76","10","1015","2","20","14","19","19","19","5","0","19"
"2015-07-16","900","19","19","156","SSE","176","Patchy rain possible","0.2","92","9","1016","37","19","17","19","35","19","4","0","21"
"2015-07-17","900","25","18","237","WSW","116","Partly cloudy","0","89","10","1009","28","28","23","25","30","28","7","0","26"
"2015-07-18","900","26","20","211","SSW","386","Patchy light rain with thunder","0.7","91","10","1010","33","29","24","26","34","29","6","0","26"
"2015-07-19","900","25","13","336","NNW","176","Patchy rain possible","0.4","82","9","1012","3","27","22","25","21","27","5","0","25"
"2015-07-20","900","24","13","255","WSW","113","Sunny","0","69","10","1010","6","25","17","24","20","25","6","0","24"
"2015-07-21","900","21","13","21","NNE","113","Sunny","0","73","10","1011","6","23","17","22","19","22","6","0","22"
"2015-07-22","900","23","2","341","NNW","116","Partly cloudy","0","70","10","1014","35","25","17","23","3","25","6","0","23"
"2015-07-23","900","24","0","85","E","113","Sunny","0","69","10","1016","10","25","18","24","1","25","6","0","24"
"2015-07-24","900","25","14","190","S","113","Sunny","0","65","10","1016","6","26","18","25","21","26","6","0","25"
"2015-07-25","900","25","13","270","W","113","Sunny","0","83","10","1013","23","28","22","25","20","28","7","0","25"
"2015-07-26","900","23","12","111","ESE","113","Sunny","0","77","10","1014","21","25","19","23","18","25","6","0","24"
"2015-07-27","900","24","17","102","ESE","113","Sunny","0","76","10","1016","6","26","20","24","27","26","6","0","25"
"2015-07-28","900","26","15","142","SE","113","Sunny","0","69","10","1015","15","27","20","26","23","27","7","0","26"
"2015-07-29","900","25","20","321","NW","113","Sunny","0","84","10","1013","20","27","22","25","28","27","7","0","26"
"2015-07-30","900","24","19","282","WNW","113","Sunny","0","64","10","1017","0","25","16","24","26","25","6","0","25"
"2015-07-31","900","25","22","268","W","113","Sunny","0","63","10","1015","6","26","17","25","31","26","6","0","25"
"2015-08-01","900","24","15","278","W","113","Sunny","0","58","10","1015","3","25","15","24","20","25","6","0","24"
"2015-08-02","900","26","32","235","SW","113","Sunny","0","76","10","1010","0","29","22","26","45","29","7","0","27"
"2015-08-03","900","23","22","319","NW","113","Sunny","0","72","10","1010","0","25","18","23","27","25","6","0","23"
"2015-08-04","900","23","14","257","WSW","113","Sunny","0","56","10","1014","4","25","14","23","18","25","6","0","23"
"2015-08-05","900","24","2","101","ESE","113","Sunny","0","58","10","1017","3","26","15","24","2","26","6","0","23"
"2015-08-06","900","23","18","105","ESE","113","Sunny","0","74","10","1014","5","25","18","23","23","25","6","0","23"
"2015-08-07","900","23","14","163","SSE","113","Sunny","0","64","10","1013","14","25","15","23","18","25","6","0","23"
"2015-08-08","900","24","12","292","WNW","113","Sunny","0","79","10","1013","21","26","20","24","15","26","6","0","24"
"2015-08-09","900","22","7","177","S","263","Patchy light drizzle","0.3","89","5","1014","63","25","20","22","10","25","5","0","22"
"2015-08-10","900","24","13","349","NNW","176","Patchy rain possible","0.4","83","9","1010","14","26","21","24","17","26","5","0","24"
"2015-08-11","900","23","12","23","NNE","113","Sunny","0.2","73","10","1016","8","25","18","23","15","25","6","0","22"
"2015-08-12","900","22","12","36","NE","116","Partly cloudy","0","76","10","1021","42","24","17","22","15","22","6","0","22"
"2015-08-13","900","24","19","240","WSW","113","Sunny","0","65","10","1019","6","26","17","24","25","26","6","0","25"
"2015-08-14","900","25","18","261","W","113","Sunny","0","75","10","1019","15","26","20","25","24","26","6","0","26"
"2015-08-15","900","25","11","279","W","113","Sunny","0","71","10","1020","7","27","19","25","14","27","7","0","26"
"2015-08-16","900","26","14","218","SW","113","Sunny","0","72","10","1020","4","28","21","26","20","28","7","0","27"
"2015-08-17","900","26","17","216","SW","113","Sunny","0","72","10","1017","4","28","20","26","24","28","7","0","25"
"2015-08-18","900","23","19","201","SSW","356","Moderate or heavy rain shower","1.6","84","7","1011","33","26","21","23","32","26","5","0","24"
"2015-08-19","900","22","32","233","SW","263","Patchy light drizzle","0.1","90","5","1005","67","25","20","22","42","25","5","0","22"
"2015-08-20","900","18","40","264","W","116","Partly cloudy","0","73","10","1010","32","18","13","18","47","18","5","0","19"
"2015-08-21","900","23","15","184","S","113","Sunny","0","49","10","1019","20","25","11","23","19","25","6","0","23"
"2015-08-22","900","22","18","171","S","113","Sunny","0","61","10","1020","9","25","14","22","25","25","6","0","22"
"2015-08-23","900","22","28","223","SW","356","Moderate or heavy rain shower","1.8","90","7","1011","92","24","20","22","49","22","5","0","21"
"2015-08-24","900","18","30","264","W","113","Sunny","0","61","10","1013","4","18","11","18","35","18","5","0","19"
"2015-08-25","900","17","19","309","NW","116","Partly cloudy","0","65","10","1016","36","17","11","17","22","17","5","0","18"
"2015-08-26","900","18","15","336","NNW","116","Partly cloudy","0","67","10","1020","55","18","11","18","19","18","5","0","18"
"2015-08-27","900","18","4","137","SE","113","Sunny","0","69","10","1022","24","18","13","18","5","18","5","0","19"
"2015-08-28","900","21","13","213","SSW","116","Partly cloudy","0","79","10","1020","28","21","17","21","17","21","6","0","21"
"2015-08-29","900","19","18","138","SE","296","Light rain","1","84","9","1017","100","19","17","19","26","19","4","0","20"
"2015-08-30","900","20","6","25","NNE","119","Cloudy","0","90","10","1017","68","20","18","20","8","20","5","0","20"
"2015-08-31","900","24","4","223","SW","113","Sunny","0","70","10","1018","0","25","18","24","5","25","6","0","23"
"2015-09-01","900","22","16","159","SSE","305","Heavy rain at times","0.7","79","9","1017","78","24","18","22","24","22","5","0","22"
"2015-09-02","900","25","12","229","SW","176","Patchy rain possible","0.4","78","9","1017","4","27","21","25","19","27","6","0","26"
"2015-09-03","900","25","18","240","WSW","113","Sunny","0","75","10","1013","16","27","21","25","29","27","7","0","26"
"2015-09-04","900","24","11","124","ESE","356","Moderate or heavy rain shower","0.7","77","9","1016","16","26","20","25","19","26","5","0","23"
"2015-09-05","900","20","19","181","S","176","Patchy rain possible","0.1","77","9","1017","73","21","16","20","27","20","5","0","21"
"2015-09-06","900","24","14","178","S","299","Moderate rain at times","0.2","68","10","1018","40","26","18","25","25","26","5","0","26"
"2015-09-07","900","23","19","209","SSW","113","Sunny","0","81","10","1015","23","26","20","24","39","26","6","0","24"
"2015-09-08","900","25","25","217","SW","176","Patchy rain possible","0.2","77","9","1012","46","27","21","25","38","27","6","0","25"
"2015-09-09","900","21","17","21","NNE","113","Sunny","0","83","10","1015","12","24","18","21","23","21","6","0","21"
"2015-09-10","900","21","13","202","SSW","116","Partly cloudy","0","68","10","1014","43","21","15","21","17","21","6","0","21"
"2015-09-11","900","17","9","44","NE","299","Moderate rain at times","1.9","83","8","1015","50","17","14","17","12","17","4","0","17"
"2015-09-12","900","15","21","5","N","353","Light rain shower","0.9","73","10","1017","70","15","10","13","29","13","3","0","15"
"2015-09-13","900","16","19","298","WNW","113","Sunny","0","61","10","1017","14","16","9","16","24","16","5","0","17"
"2015-09-14","900","19","33","198","SSW","116","Partly cloudy","0","60","10","1018","30","19","11","19","42","19","5","0","20"
"2015-09-15","900","21","24","192","SSW","176","Patchy rain possible","0.2","61","9","1023","14","21","13","21","36","21","5","0","22"
"2015-09-16","900","19","17","150","SSE","113","Sunny","0","59","10","1022","20","19","11","19","31","19","5","0","19"
"2015-09-17","900","19","12","203","SSW","176","Patchy rain possible","0","74","10","1019","84","20","14","19","15","19","4","0","20"
"2015-09-18","900","18","14","204","SSW","299","Moderate rain at times","0.4","76","9","1019","72","19","14","18","18","18","4","0","18"
"2015-09-19","900","19","16","190","S","305","Heavy rain at times","0.6","75","8","1018","80","19","14","19","23","19","4","0","19"
"2015-09-20","900","19","14","127","SE","176","Patchy rain possible","0.1","65","10","1019","52","20","12","19","22","19","4","0","19"
"2015-09-21","900","17","13","161","SSE","113","Sunny","0","66","10","1021","4","17","11","17","16","17","5","0","18"
"2015-09-22","900","19","12","157","SSE","113","Sunny","0","61","10","1022","1","20","11","19","21","19","5","0","20"
"2015-09-23","900","20","11","151","SSE","113","Sunny","0","56","10","1025","5","20","11","20","16","20","6","0","20"
"2015-09-24","900","19","14","105","ESE","113","Sunny","0","74","10","1025","2","19","14","19","19","19","5","0","19"
"2015-09-25","900","20","17","60","ENE","113","Sunny","0","72","10","1023","12","20","14","20","23","20","5","0","19"
"2015-09-26","900","20","17","108","ESE","116","Partly cloudy","0","70","10","1024","56","20","14","20","22","20","5","0","20"
"2015-09-27","900","19","15","165","SSE","122","Overcast","0","89","10","1019","89","19","17","19","21","19","4","0","20"
"2015-09-28","900","21","16","197","SSW","176","Patchy rain possible","0.1","85","9","1016","30","21","18","21","24","21","5","0","21"
"2015-09-29","900","18","40","25","NNE","122","Overcast","0","84","10","1016","100","18","15","18","54","18","4","0","17"
"2015-09-30","900","15","36","42","NE","113","Sunny","0","65","10","1022","16","15","9","13","43","13","5","0","15"
"2015-10-01","900","13","35","57","ENE","116","Partly cloudy","0","69","10","1026","41","13","8","11","44","11","4","0","14"
"2015-10-02","900","13","43","57","ENE","113","Sunny","0","59","10","1027","4","13","5","10","54","10","4","0","14"
"2015-10-03","900","11","44","69","ENE","116","Partly cloudy","0","68","10","1022","47","11","5","7","54","7","4","0","11"
"2015-10-04","900","12","23","52","NE","266","Light drizzle","0.1","87","2","1022","100","12","10","9","31","9","3","0","13"
"2015-10-05","900","14","10","52","NE","122","Overcast","0","87","10","1022","90","14","12","14","14","14","3","0","15"
"2015-10-06","900","15","9","351","N","122","Overcast","0","84","10","1021","96","15","13","15","12","15","4","0","16"
"2015-10-07","900","17","8","358","N","116","Partly cloudy","0","76","10","1020","45","17","13","17","11","17","5","0","17"
"2015-10-08","900","18","23","194","SSW","113","Sunny","0","75","10","1016","17","18","13","18","36","18","5","0","19"
"2015-10-09","900","14","28","351","N","119","Cloudy","0","78","10","1020","75","14","10","11","37","11","3","0","13"
"2015-10-10","900","13","12","201","SSW","113","Sunny","0","65","10","1022","2","13","6","12","14","12","4","0","14"
"2015-10-11","900","16","29","221","SW","113","Sunny","0","60","10","1010","3","16","8","16","41","16","5","0","18"
"2015-10-12","900","18","24","267","W","113","Sunny","0","73","10","1000","7","18","14","18","35","18","5","0","18"
"2015-10-13","900","12","27","302","WNW","116","Partly cloudy","0","69","10","1006","54","12","7","9","32","9","4","0","13"
"2015-10-14","900","11","17","324","NW","113","Sunny","0","68","10","1016","0","11","5","9","21","9","4","0","12"
"2015-10-15","900","14","30","243","WSW","116","Partly cloudy","0","46","10","1015","55","14","2","11","46","11","4","0","15"
"2015-10-16","900","9","31","326","NW","113","Sunny","0","62","10","1025","0","9","2","5","37","5","3","0","9"
"2015-10-17","900","6","26","340","NNW","113","Sunny","0","48","10","1031","4","6","-4","2","31","2","3","0","7"
"2015-10-18","900","9","14","304","WNW","113","Sunny","0","48","10","1032","3","9","-2","6","19","6","3","0","10"
"2015-10-19","900","13","47","209","SSW","113","Sunny","0","40","10","1021","7","13","-1","10","68","10","4","0","16"
"2015-10-20","900","16","32","217","SW","113","Sunny","0","46","10","1019","16","16","4","16","50","16","5","0","18"
"2015-10-21","900","17","28","212","SSW","176","Patchy rain possible","0.4","55","9","1019","30","17","8","17","46","17","4","0","19"
"2015-10-22","900","13","16","7","N","116","Partly cloudy","0","67","10","1025","44","13","7","12","21","12","4","0","13"
"2015-10-23","900","11","24","129","SE","116","Partly cloudy","0","69","10","1024","39","11","5","8","37","8","4","0","11"
"2015-10-24","900","10","19","250","WSW","305","Heavy rain at times","0.6","79","8","1016","56","10","7","8","25","8","3","0","11"
"2015-10-25","900","13","4","304","WNW","113","Sunny","0","68","10","1028","0","13","8","14","5","14","4","0","13"
"2015-10-26","900","11","17","125","SE","113","Sunny","0","61","10","1030","2","11","4","9","23","9","4","0","12"
"2015-10-27","900","12","29","108","ESE","116","Partly cloudy","0","65","10","1023","38","12","6","10","39","10","4","0","12"
"2015-10-28","900","14","29","222","SW","353","Light rain shower","0.3","92","10","996","100","14","12","11","42","11","3","0","12"
"2015-10-29","900","5","46","259","WSW","116","Partly cloudy","0","65","10","1004","28","5","-1","-1","53","-1","3","0","7"
"2015-10-30","900","9","8","268","W","113","Sunny","0","82","10","1020","6","9","6","8","9","8","3","0","10"
"2015-10-31","900","8","34","158","SSE","296","Light rain","0.8","87","9","1012","92","8","6","4","46","4","2","0","9"
"2015-11-01","900","11","31","278","W","113","Sunny","0","68","10","1012","0","11","5","8","42","8","4","0","12"
"2015-11-02","900","14","26","211","SSW","113","Sunny","0","51","10","1015","8","14","4","12","46","12","4","0","15"
"2015-11-03","900","14","12","217","SW","113","Sunny","0","66","10","1020","3","14","8","13","21","13","4","0","15"
"2015-11-04","900","14","19","205","SSW","113","Sunny","0","82","10","1020","0","14","11","13","31","13","4","0","16"
"2015-11-05","900","16","25","199","SSW","113","Sunny","0","87","10","1016","24","16","14","16","44","16","5","0","18"
"2015-11-06","900","9","34","281","WNW","113","Sunny","0","73","10","1015","11","9","4","5","44","5","3","0","10"
"2015-11-07","900","8","19","276","W","113","Sunny","0","61","10","1026","6","8","1","4","27","4","3","0","8"
"2015-11-08","900","7","12","193","SSW","113","Sunny","0","51","10","1031","0","7","-2","5","17","5","3","0","9"
"2015-11-09","900","9","8","158","SSE","113","Sunny","0","57","10","1026","0","9","1","8","9","8","3","0","9"
"2015-11-10","900","9","11","322","NW","113","Sunny","0","57","10","1020","7","9","1","7","16","7","3","0","11"
"2015-11-11","900","10","30","172","S","113","Sunny","0","62","10","1013","8","10","3","7","44","7","4","0","13"
"2015-11-12","900","8","58","260","W","266","Light drizzle","0.1","76","2","996","100","8","4","3","78","3","2","0","9"
"2015-11-13","900","5","48","281","W","113","Sunny","0","68","10","1016","0","5","0","-1","59","-1","3","0","6"
"2015-11-14","900","5","17","197","SSW","113","Sunny","0","47","10","1027","4","5","-5","1","24","1","2","0","8"
"2015-11-15","900","10","24","233","SW","113","Sunny","0","64","10","1025","0","10","4","7","40","7","4","0","12"
"2015-11-16","900","11","26","166","SSE","116","Partly cloudy","0","60","10","1021","47","11","3","8","41","8","4","0","11"
"2015-11-17","900","11","38","137","SE","116","Partly cloudy","0","66","10","1014","48","11","5","7","64","7","4","0","12"
"2015-11-18","900","16","60","166","SSE","296","Light rain","0.4","83","9","999","87","16","13","16","107","16","4","0","14"
"2015-11-19","900","5","46","266","W","113","Sunny","0","59","10","1013","0","5","-3","-2","60","-2","2","0","6"
"2015-11-20","900","3","29","267","W","113","Sunny","0","38","10","1026","15","3","-10","-2","37","-2","2","1.4","4"
"2015-11-21","900","2","22","95","E","338","Heavy snow","1.2","84","2","1017","100","2","0","-3","30","-3","1","12.2","1"
"2015-11-22","900","-8","15","257","WSW","113","Sunny","0","79","10","1025","14","-8","-11","-14","25","-14","2","0","-6"
"2015-11-23","900","-1","24","249","WSW","113","Sunny","0","90","10","1017","20","-1","-3","-8","37","-8","2","0","0"
"2015-11-24","900","2","7","159","SSE","116","Partly cloudy","0","84","10","1028","38","2","-1","0","12","0","2","0","2"
"2015-11-25","900","6","35","182","S","113","Sunny","0","75","10","1024","1","6","2","1","65","1","3","0","7"
"2015-11-26","900","12","31","202","SSW","266","Light drizzle","0.3","94","2","1025","100","12","11","9","56","9","3","0","13"
"2015-11-27","900","5","41","11","N","296","Light rain","1","86","9","1027","100","5","3","-1","55","-1","1","0","5"
"2015-11-28","900","3","23","43","NE","116","Partly cloudy","0","69","10","1030","27","3","-2","-1","31","-1","2","0","3"
"2015-11-29","900","3","17","58","ENE","113","Sunny","0","63","10","1029","6","3","-3","-1","23","-1","2","0","4"
"2015-11-30","900","5","27","89","E","116","Partly cloudy","0","70","10","1023","47","5","-1","0","38","0","2","0","5"
"2015-12-01","900","5","29","256","WSW","116","Partly cloudy","0","82","10","1011","35","5","2","0","39","0","2","0","5"
"2015-12-02","900","1","18","279","W","338","Heavy snow","0.6","88","2","1008","100","1","0","-3","23","-3","1","4.3","2"
"2015-12-03","900","1","20","300","WNW","119","Cloudy","0","92","10","1024","72","1","0","-4","31","-4","1","0","1"
"2015-12-04","900","2","19","243","WSW","113","Sunny","0","86","10","1034","3","2","-1","-3","30","-3","2","0","3"
"2015-12-05","900","2","16","193","SSW","113","Sunny","0","57","10","1037","2","2","-6","-3","23","-3","2","0","3"
"2015-12-06","900","4","19","205","SSW","113","Sunny","0","78","10","1028","0","4","0","0","28","0","2","0","5"
"2015-12-07","900","3","2","145","SE","116","Partly cloudy","0","86","10","1025","56","3","1","3","2","3","2","0","4"
"2015-12-08","900","5","24","199","SSW","122","Overcast","0","91","10","1015","95","5","3","0","34","0","1","0","6"
"2015-12-09","900","7","20","275","W","113","Sunny","0","88","10","1006","15","7","5","3","30","3","3","0","8"
"2015-12-10","900","9","44","190","S","116","Partly cloudy","0","76","10","1002","27","9","6","5","78","5","3","0","10"
"2015-12-11","900","7","18","236","WSW","116","Partly cloudy","0","68","10","1010","62","7","1","3","29","3","3","0","8"
"2015-12-12","900","11","10","199","SSW","248","Fog","0","98","0","1013","100","11","11","10","21","10","3","0","12"
"2015-12-13","900","14","26","179","S","296","Light rain","0.7","96","9","1011","85","14","13","12","54","12","3","0","14"
"2015-12-14","900","11","45","205","SSW","296","Light rain","0.4","79","9","991","88","11","8","7","74","7","3","0","10"
"2015-12-15","900","5","17","344","NNW","113","Sunny","0","75","10","1012","24","5","1","1","22","1","2","0","5"
"2015-12-16","900","6","41","152","SSE","296","Light rain","0.4","91","9","1005","100","6","5","1","60","1","2","0","7"
"2015-12-17","900","0","32","289","WNW","323","Patchy light snow","0","68","10","1012","31","0","-5","-7","39","-7","1","0","1"
"2015-12-18","900","-3","16","217","SW","311","Light freezing rain","0","80","8","1022","73","-3","-6","-9","22","-9","1","0","-2"
"2015-12-19","900","-1","18","211","SSW","311","Light freezing rain","0.2","87","8","1018","61","-1","-3","-6","27","-6","1","1","0"
"2015-12-20","900","0","20","138","SE","329","Patchy moderate snow","0.2","84","9","1016","69","0","-3","-5","30","-5","1","1.2","0"
"2015-12-21","900","8","37","192","SSW","302","Moderate rain","1.6","93","7","1007","100","8","7","3","59","3","2","0","9"
"2015-12-22","900","4","21","260","W","119","Cloudy","0","86","10","1012","64","4","2","-1","27","-1","1","0","5"
"2015-12-23","900","10","31","134","SE","353","Light rain shower","0.4","99","10","997","100","10","10","6","66","6","2","0","12"
"2015-12-24","900","3","25","244","WSW","113","Sunny","0","80","10","1013","14","3","0","-2","33","-2","2","0","4"
"2015-12-25","900","3","18","360","N","113","Sunny","0","85","10","1025","10","3","1","-1","25","-1","2","0","4"
"2015-12-26","900","4","33","106","ESE","266","Light drizzle","0.1","78","2","1023","100","4","1","-1","50","-1","1","0","5"
"2015-12-27","900","4","42","18","NNE","122","Overcast","0","82","10","1024","100","4","1","-2","60","-2","1","0","4"
"2015-12-28","900","-3","23","232","SW","119","Cloudy","0","78","10","1021","59","-3","-6","-9","33","-9","1","0","-2"
"2015-12-29","900","1","33","261","W","230","Blizzard","0","88","0","1012","100","1","-1","-5","42","-5","1","0.2","1"
"2015-12-30","900","-1","17","237","WSW","338","Heavy snow","0.2","82","2","1023","100","-1","-4","-6","23","-6","1","0.9","-1"
"2015-12-31","900","-3","24","267","W","122","Overcast","0","84","10","1026","90","-3","-6","-10","32","-10","1","0.1","-3"
